product_id,product_name,category,cost_price,reorder_level,current_stock,inventory_value,stock_status
P00001,Northstar Electronics Pro 001,Electronics,2389.34,19,257,614060.38,In Stock
P00002,Aster & Co. Fashion Essential 002,Fashion,792.19,37,226,179034.94,In Stock
P00003,Mosaic Beauty Studio 003,Beauty,208.57,24,368,76753.76,Overstocked
P00004,Luma Home & Kitchen Everyday 004,Home & Kitchen,8407.41,73,40,336296.4,Low Stock
P00005,Cedar Lane Sports Max 005,Sports,1427.09,42,161,229761.49,In Stock
P00006,Orbit Grocery Select 006,Grocery,91.92,35,104,9559.68,In Stock
P00007,Solace Books Classic 007,Books,279.77,42,260,72740.2,In Stock
P00008,Pioneer Accessories Plus 008,Accessories,317.65,41,189,60035.85,In Stock
P00009,Northstar Electronics Pro 009,Electronics,5573.58,71,408,2274020.64,Overstocked
P00010,Aster & Co. Fashion Essential 010,Fashion,3163.64,67,151,477709.64,In Stock
P00011,Mosaic Beauty Studio 011,Beauty,2265.41,40,407,922021.87,Overstocked
P00012,Luma Home & Kitchen Everyday 012,Home & Kitchen,661.13,69,78,51568.14,In Stock
P00013,Cedar Lane Sports Max 013,Sports,532.41,47,263,140023.83,In Stock
P00014,Orbit Grocery Select 014,Grocery,278.18,44,223,62034.14,In Stock
P00015,Solace Books Classic 015,Books,386.94,59,121,46819.74,In Stock
P00016,Pioneer Accessories Plus 016,Accessories,590.06,44,28,16521.68,Low Stock
P00017,Northstar Electronics Pro 017,Electronics,4407.59,67,155,683176.45,In Stock
P00018,Aster & Co. Fashion Essential 018,Fashion,637.68,46,261,166434.48,In Stock
P00019,Mosaic Beauty Studio 019,Beauty,2355.34,30,166,390986.44,In Stock
P00020,Luma Home & Kitchen Everyday 020,Home & Kitchen,3222.93,36,42,135363.06,In Stock
P00021,Cedar Lane Sports Max 021,Sports,971.83,71,105,102042.15,In Stock
P00022,Orbit Grocery Select 022,Grocery,319.15,68,382,121915.3,Overstocked
P00023,Solace Books Classic 023,Books,72.41,21,258,18681.78,In Stock
P00024,Pioneer Accessories Plus 024,Accessories,476.4,55,228,108619.2,In Stock
P00025,Northstar Electronics Pro 025,Electronics,11822.38,33,219,2589101.22,In Stock
P00026,Aster & Co. Fashion Essential 026,Fashion,484.63,70,278,134727.14,In Stock
P00027,Mosaic Beauty Studio 027,Beauty,895.5,62,129,115519.5,In Stock
P00028,Luma Home & Kitchen Everyday 028,Home & Kitchen,439.17,70,179,78611.43,In Stock
P00029,Cedar Lane Sports Max 029,Sports,321.73,23,399,128370.27,Overstocked
P00030,Orbit Grocery Select 030,Grocery,50.2,60,170,8534.0,In Stock
P00031,Solace Books Classic 031,Books,425.39,51,417,177387.63,Overstocked
P00032,Pioneer Accessories Plus 032,Accessories,961.73,35,98,94249.54,In Stock
P00033,Northstar Electronics Pro 033,Electronics,1030.04,40,80,82403.2,In Stock
P00034,Aster & Co. Fashion Essential 034,Fashion,1278.1,28,419,535523.9,Overstocked
P00035,Mosaic Beauty Studio 035,Beauty,313.53,19,80,25082.4,In Stock
P00036,Luma Home & Kitchen Everyday 036,Home & Kitchen,3024.45,22,15,45366.75,Low Stock
P00037,Cedar Lane Sports Max 037,Sports,1760.63,46,415,730661.45,Overstocked
P00038,Orbit Grocery Select 038,Grocery,894.71,59,253,226361.63,In Stock
P00039,Solace Books Classic 039,Books,692.19,56,213,147436.47,In Stock
P00040,Pioneer Accessories Plus 040,Accessories,870.22,56,145,126181.9,In Stock
P00041,Northstar Electronics Pro 041,Electronics,5370.6,17,315,1691739.0,Overstocked
P00042,Aster & Co. Fashion Essential 042,Fashion,598.81,21,355,212577.55,Overstocked
P00043,Mosaic Beauty Studio 043,Beauty,1826.15,31,231,421840.65,In Stock
P00044,Luma Home & Kitchen Everyday 044,Home & Kitchen,2244.06,29,297,666485.82,In Stock
P00045,Cedar Lane Sports Max 045,Sports,758.84,66,38,28835.92,Low Stock
P00046,Orbit Grocery Select 046,Grocery,168.32,48,229,38545.28,In Stock
P00047,Solace Books Classic 047,Books,170.86,49,211,36051.46,In Stock
P00048,Pioneer Accessories Plus 048,Accessories,144.18,16,108,15571.44,In Stock
P00049,Northstar Electronics Pro 049,Electronics,4266.8,16,79,337077.2,In Stock
P00050,Aster & Co. Fashion Essential 050,Fashion,321.14,71,55,17662.7,Low Stock
P00051,Mosaic Beauty Studio 051,Beauty,1305.52,25,148,193216.96,In Stock
P00052,Luma Home & Kitchen Everyday 052,Home & Kitchen,7165.36,58,199,1425906.64,In Stock
P00053,Cedar Lane Sports Max 053,Sports,2092.48,28,145,303409.6,In Stock
P00054,Orbit Grocery Select 054,Grocery,104.54,54,259,27075.86,In Stock
P00055,Solace Books Classic 055,Books,295.06,16,71,20949.26,In Stock
P00056,Pioneer Accessories Plus 056,Accessories,2408.72,44,2,4817.44,Low Stock
P00057,Northstar Electronics Pro 057,Electronics,5053.67,16,358,1809213.86,Overstocked
P00058,Aster & Co. Fashion Essential 058,Fashion,2844.26,27,315,895941.9,Overstocked
P00059,Mosaic Beauty Studio 059,Beauty,124.28,27,270,33555.6,In Stock
P00060,Luma Home & Kitchen Everyday 060,Home & Kitchen,382.04,67,240,91689.6,In Stock
P00061,Cedar Lane Sports Max 061,Sports,676.94,36,194,131326.36,In Stock
P00062,Orbit Grocery Select 062,Grocery,1191.96,31,85,101316.6,In Stock
P00063,Solace Books Classic 063,Books,257.22,70,8,2057.76,Low Stock
P00064,Pioneer Accessories Plus 064,Accessories,415.7,46,193,80230.1,In Stock
P00065,Northstar Electronics Pro 065,Electronics,51980.88,53,242,12579372.96,In Stock
P00066,Aster & Co. Fashion Essential 066,Fashion,494.15,15,35,17295.25,In Stock
P00067,Mosaic Beauty Studio 067,Beauty,487.65,59,9,4388.85,Low Stock
P00068,Luma Home & Kitchen Everyday 068,Home & Kitchen,719.01,55,247,177595.47,In Stock
P00069,Cedar Lane Sports Max 069,Sports,7460.38,47,84,626671.92,In Stock
P00070,Orbit Grocery Select 070,Grocery,40.72,23,132,5375.04,In Stock
P00071,Solace Books Classic 071,Books,92.23,16,343,31634.89,Overstocked
P00072,Pioneer Accessories Plus 072,Accessories,167.3,24,0,0.0,Out of Stock
P00073,Northstar Electronics Pro 073,Electronics,18847.95,42,66,1243964.7,In Stock
P00074,Aster & Co. Fashion Essential 074,Fashion,1672.64,73,72,120430.08,Low Stock
P00075,Mosaic Beauty Studio 075,Beauty,503.36,63,38,19127.68,Low Stock
P00076,Luma Home & Kitchen Everyday 076,Home & Kitchen,1095.84,27,3,3287.52,Low Stock
P00077,Cedar Lane Sports Max 077,Sports,1093.8,45,189,206728.2,In Stock
P00078,Orbit Grocery Select 078,Grocery,563.82,74,294,165763.08,In Stock
P00079,Solace Books Classic 079,Books,63.1,70,355,22400.5,Overstocked
P00080,Pioneer Accessories Plus 080,Accessories,1367.47,39,335,458102.45,Overstocked
P00081,Northstar Electronics Pro 081,Electronics,20079.88,63,272,5461727.36,In Stock
P00082,Aster & Co. Fashion Essential 082,Fashion,5634.66,59,202,1138201.32,In Stock
P00083,Mosaic Beauty Studio 083,Beauty,387.77,29,343,133005.11,Overstocked
P00084,Luma Home & Kitchen Everyday 084,Home & Kitchen,3768.7,40,135,508774.5,In Stock
P00085,Cedar Lane Sports Max 085,Sports,298.37,70,101,30135.37,In Stock
P00086,Orbit Grocery Select 086,Grocery,101.27,59,77,7797.79,In Stock
P00087,Solace Books Classic 087,Books,194.45,69,262,50945.9,In Stock
P00088,Pioneer Accessories Plus 088,Accessories,96.38,42,97,9348.86,In Stock
P00089,Northstar Electronics Pro 089,Electronics,9704.55,26,85,824886.75,In Stock
P00090,Aster & Co. Fashion Essential 090,Fashion,821.05,26,119,97704.95,In Stock
P00091,Mosaic Beauty Studio 091,Beauty,168.55,32,111,18709.05,In Stock
P00092,Luma Home & Kitchen Everyday 092,Home & Kitchen,3207.73,37,176,564560.48,In Stock
P00093,Cedar Lane Sports Max 093,Sports,587.95,38,74,43508.3,In Stock
P00094,Orbit Grocery Select 094,Grocery,138.58,63,377,52244.66,Overstocked
P00095,Solace Books Classic 095,Books,593.21,65,99,58727.79,In Stock
P00096,Pioneer Accessories Plus 096,Accessories,649.03,64,346,224564.38,Overstocked
P00097,Northstar Electronics Pro 097,Electronics,44739.7,22,270,12079719.0,In Stock
P00098,Aster & Co. Fashion Essential 098,Fashion,2538.44,53,321,814839.24,Overstocked
P00099,Mosaic Beauty Studio 099,Beauty,178.24,61,81,14437.44,In Stock
P00100,Luma Home & Kitchen Everyday 100,Home & Kitchen,2823.47,23,275,776454.25,In Stock
P00101,Cedar Lane Sports Max 101,Sports,217.94,35,211,45985.34,In Stock
P00102,Orbit Grocery Select 102,Grocery,109.05,43,389,42420.45,Overstocked
P00103,Solace Books Classic 103,Books,136.03,38,384,52235.52,Overstocked
P00104,Pioneer Accessories Plus 104,Accessories,456.3,71,200,91260.0,In Stock
P00105,Northstar Electronics Pro 105,Electronics,47404.0,34,388,18392752.0,Overstocked
P00106,Aster & Co. Fashion Essential 106,Fashion,3396.23,20,417,1416227.91,Overstocked
P00107,Mosaic Beauty Studio 107,Beauty,207.14,63,242,50127.88,In Stock
P00108,Luma Home & Kitchen Everyday 108,Home & Kitchen,2028.89,29,295,598522.55,In Stock
P00109,Cedar Lane Sports Max 109,Sports,849.62,41,220,186916.4,In Stock
P00110,Orbit Grocery Select 110,Grocery,112.31,33,402,45148.62,Overstocked
P00111,Solace Books Classic 111,Books,130.03,31,386,50191.58,Overstocked
P00112,Pioneer Accessories Plus 112,Accessories,413.74,50,270,111709.8,In Stock
P00113,Northstar Electronics Pro 113,Electronics,3889.5,57,278,1081281.0,In Stock
P00114,Aster & Co. Fashion Essential 114,Fashion,396.14,51,111,43971.54,In Stock
P00115,Mosaic Beauty Studio 115,Beauty,99.2,29,135,13392.0,In Stock
P00116,Luma Home & Kitchen Everyday 116,Home & Kitchen,2725.64,33,45,122653.8,In Stock
P00117,Cedar Lane Sports Max 117,Sports,478.27,37,273,130567.71,In Stock
P00118,Orbit Grocery Select 118,Grocery,127.2,56,121,15391.2,In Stock
P00119,Solace Books Classic 119,Books,310.29,43,1,310.29,Low Stock
P00120,Pioneer Accessories Plus 120,Accessories,535.76,15,232,124296.32,In Stock
P00121,Northstar Electronics Pro 121,Electronics,3057.58,58,211,645149.38,In Stock
P00122,Aster & Co. Fashion Essential 122,Fashion,5505.53,18,326,1794802.78,Overstocked
P00123,Mosaic Beauty Studio 123,Beauty,114.61,41,242,27735.62,In Stock
P00124,Luma Home & Kitchen Everyday 124,Home & Kitchen,326.25,22,384,125280.0,Overstocked
P00125,Cedar Lane Sports Max 125,Sports,814.39,48,261,212555.79,In Stock
P00126,Orbit Grocery Select 126,Grocery,767.97,43,132,101372.04,In Stock
P00127,Solace Books Classic 127,Books,146.12,74,416,60785.92,Overstocked
P00128,Pioneer Accessories Plus 128,Accessories,1084.87,51,144,156221.28,In Stock
P00129,Northstar Electronics Pro 129,Electronics,2696.61,44,266,717298.26,In Stock
P00130,Aster & Co. Fashion Essential 130,Fashion,4605.64,22,119,548071.16,In Stock
P00131,Mosaic Beauty Studio 131,Beauty,173.92,63,86,14957.12,In Stock
P00132,Luma Home & Kitchen Everyday 132,Home & Kitchen,1243.46,70,137,170354.02,In Stock
P00133,Cedar Lane Sports Max 133,Sports,941.25,24,9,8471.25,Low Stock
P00134,Orbit Grocery Select 134,Grocery,180.7,38,412,74448.4,Overstocked
P00135,Solace Books Classic 135,Books,876.04,24,233,204117.32,In Stock
P00136,Pioneer Accessories Plus 136,Accessories,2326.98,64,215,500300.7,In Stock
P00137,Northstar Electronics Pro 137,Electronics,2624.85,74,115,301857.75,In Stock
P00138,Aster & Co. Fashion Essential 138,Fashion,335.52,44,386,129510.72,Overstocked
P00139,Mosaic Beauty Studio 139,Beauty,614.76,16,264,162296.64,In Stock
P00140,Luma Home & Kitchen Everyday 140,Home & Kitchen,1676.92,50,309,518168.28,Overstocked
P00141,Cedar Lane Sports Max 141,Sports,4418.28,27,28,123711.84,In Stock
P00142,Orbit Grocery Select 142,Grocery,47.1,35,373,17568.3,Overstocked
P00143,Solace Books Classic 143,Books,190.27,33,105,19978.35,In Stock
P00144,Pioneer Accessories Plus 144,Accessories,262.98,18,56,14726.88,In Stock
P00145,Northstar Electronics Pro 145,Electronics,6802.08,33,381,2591592.48,Overstocked
P00146,Aster & Co. Fashion Essential 146,Fashion,5112.0,44,276,1410912.0,In Stock
P00147,Mosaic Beauty Studio 147,Beauty,2500.65,69,322,805209.3,Overstocked
P00148,Luma Home & Kitchen Everyday 148,Home & Kitchen,278.53,47,381,106119.93,Overstocked
P00149,Cedar Lane Sports Max 149,Sports,5896.82,71,55,324325.1,Low Stock
P00150,Orbit Grocery Select 150,Grocery,1532.97,55,248,380176.56,In Stock
P00151,Solace Books Classic 151,Books,1248.94,55,95,118649.3,In Stock
P00152,Pioneer Accessories Plus 152,Accessories,1351.97,73,280,378551.6,In Stock
P00153,Northstar Electronics Pro 153,Electronics,1901.57,40,135,256711.95,In Stock
P00154,Aster & Co. Fashion Essential 154,Fashion,3990.39,49,333,1328799.87,Overstocked
P00155,Mosaic Beauty Studio 155,Beauty,1254.04,32,67,84020.68,In Stock
P00156,Luma Home & Kitchen Everyday 156,Home & Kitchen,1589.65,35,200,317930.0,In Stock
P00157,Cedar Lane Sports Max 157,Sports,263.99,19,152,40126.48,In Stock
P00158,Orbit Grocery Select 158,Grocery,942.74,51,75,70705.5,In Stock
P00159,Solace Books Classic 159,Books,323.41,50,136,43983.76,In Stock
P00160,Pioneer Accessories Plus 160,Accessories,250.83,36,107,26838.81,In Stock
P00161,Northstar Electronics Pro 161,Electronics,9020.29,18,306,2760208.74,Overstocked
P00162,Aster & Co. Fashion Essential 162,Fashion,5197.69,55,256,1330608.64,In Stock
P00163,Mosaic Beauty Studio 163,Beauty,852.75,47,124,105741.0,In Stock
P00164,Luma Home & Kitchen Everyday 164,Home & Kitchen,1205.22,28,245,295278.9,In Stock
P00165,Cedar Lane Sports Max 165,Sports,2742.37,22,19,52105.03,Low Stock
P00166,Orbit Grocery Select 166,Grocery,177.0,52,274,48498.0,In Stock
P00167,Solace Books Classic 167,Books,814.79,69,199,162143.21,In Stock
P00168,Pioneer Accessories Plus 168,Accessories,3253.31,50,379,1233004.49,Overstocked
P00169,Northstar Electronics Pro 169,Electronics,2215.04,31,379,839500.16,Overstocked
P00170,Aster & Co. Fashion Essential 170,Fashion,274.17,70,289,79235.13,In Stock
P00171,Mosaic Beauty Studio 171,Beauty,528.0,27,289,152592.0,In Stock
P00172,Luma Home & Kitchen Everyday 172,Home & Kitchen,6599.57,45,277,1828080.89,In Stock
P00173,Cedar Lane Sports Max 173,Sports,2287.12,51,386,882828.32,Overstocked
P00174,Orbit Grocery Select 174,Grocery,553.58,63,181,100197.98,In Stock
P00175,Solace Books Classic 175,Books,315.75,57,291,91883.25,In Stock
P00176,Pioneer Accessories Plus 176,Accessories,1792.07,18,176,315404.32,In Stock
P00177,Northstar Electronics Pro 177,Electronics,7106.69,25,260,1847739.4,In Stock
P00178,Aster & Co. Fashion Essential 178,Fashion,3285.74,32,3,9857.22,Low Stock
P00179,Mosaic Beauty Studio 179,Beauty,274.08,19,142,38919.36,In Stock
P00180,Luma Home & Kitchen Everyday 180,Home & Kitchen,11692.13,51,235,2747650.55,In Stock
P00181,Cedar Lane Sports Max 181,Sports,2156.57,16,297,640501.29,In Stock
P00182,Orbit Grocery Select 182,Grocery,145.31,63,166,24121.46,In Stock
P00183,Solace Books Classic 183,Books,147.3,57,197,29018.1,In Stock
P00184,Pioneer Accessories Plus 184,Accessories,1517.48,38,255,386957.4,In Stock
P00185,Northstar Electronics Pro 185,Electronics,42074.3,46,328,13800370.4,Overstocked
P00186,Aster & Co. Fashion Essential 186,Fashion,547.78,69,119,65185.82,In Stock
P00187,Mosaic Beauty Studio 187,Beauty,2680.45,42,297,796093.65,In Stock
P00188,Luma Home & Kitchen Everyday 188,Home & Kitchen,1378.95,55,315,434369.25,Overstocked
P00189,Cedar Lane Sports Max 189,Sports,181.06,50,86,15571.16,In Stock
P00190,Orbit Grocery Select 190,Grocery,128.99,72,111,14317.89,In Stock
P00191,Solace Books Classic 191,Books,735.87,31,35,25755.45,In Stock
P00192,Pioneer Accessories Plus 192,Accessories,348.01,15,317,110319.17,Overstocked
P00193,Northstar Electronics Pro 193,Electronics,1387.24,60,417,578479.08,Overstocked
P00194,Aster & Co. Fashion Essential 194,Fashion,1544.08,61,57,88012.56,Low Stock
P00195,Mosaic Beauty Studio 195,Beauty,1569.45,39,248,389223.6,In Stock
P00196,Luma Home & Kitchen Everyday 196,Home & Kitchen,228.78,70,27,6177.06,Low Stock
P00197,Cedar Lane Sports Max 197,Sports,1001.32,27,20,20026.4,Low Stock
P00198,Orbit Grocery Select 198,Grocery,303.37,60,14,4247.18,Low Stock
P00199,Solace Books Classic 199,Books,177.85,65,144,25610.4,In Stock
P00200,Pioneer Accessories Plus 200,Accessories,254.2,43,237,60245.4,In Stock
P00201,Northstar Electronics Pro 201,Electronics,10787.83,55,23,248120.09,Low Stock
P00202,Aster & Co. Fashion Essential 202,Fashion,4318.57,19,8,34548.56,Low Stock
P00203,Mosaic Beauty Studio 203,Beauty,123.66,16,228,28194.48,In Stock
P00204,Luma Home & Kitchen Everyday 204,Home & Kitchen,2594.19,54,23,59666.37,Low Stock
P00205,Cedar Lane Sports Max 205,Sports,2452.31,24,178,436511.18,In Stock
P00206,Orbit Grocery Select 206,Grocery,905.45,60,92,83301.4,In Stock
P00207,Solace Books Classic 207,Books,446.22,19,342,152607.24,Overstocked
P00208,Pioneer Accessories Plus 208,Accessories,758.89,53,170,129011.3,In Stock
P00209,Northstar Electronics Pro 209,Electronics,5151.51,38,218,1123029.18,In Stock
P00210,Aster & Co. Fashion Essential 210,Fashion,595.12,74,191,113667.92,In Stock
P00211,Mosaic Beauty Studio 211,Beauty,888.31,53,191,169667.21,In Stock
P00212,Luma Home & Kitchen Everyday 212,Home & Kitchen,4447.35,46,255,1134074.25,In Stock
P00213,Cedar Lane Sports Max 213,Sports,4889.74,59,37,180920.38,Low Stock
P00214,Orbit Grocery Select 214,Grocery,71.1,66,325,23107.5,Overstocked
P00215,Solace Books Classic 215,Books,840.17,36,152,127705.84,In Stock
P00216,Pioneer Accessories Plus 216,Accessories,3224.99,60,282,909447.18,In Stock
P00217,Northstar Electronics Pro 217,Electronics,15949.99,19,232,3700397.68,In Stock
P00218,Aster & Co. Fashion Essential 218,Fashion,3833.68,29,282,1081097.76,In Stock
P00219,Mosaic Beauty Studio 219,Beauty,2315.27,49,146,338029.42,In Stock
P00220,Luma Home & Kitchen Everyday 220,Home & Kitchen,511.49,44,84,42965.16,In Stock
P00221,Cedar Lane Sports Max 221,Sports,1651.76,47,10,16517.6,Low Stock
P00222,Orbit Grocery Select 222,Grocery,603.63,53,38,22937.94,Low Stock
P00223,Solace Books Classic 223,Books,194.93,70,127,24756.11,In Stock
P00224,Pioneer Accessories Plus 224,Accessories,101.05,73,9,909.45,Low Stock
P00225,Northstar Electronics Pro 225,Electronics,7698.28,60,122,939190.16,In Stock
P00226,Aster & Co. Fashion Essential 226,Fashion,2390.52,74,276,659783.52,In Stock
P00227,Mosaic Beauty Studio 227,Beauty,219.2,20,235,51512.0,In Stock
P00228,Luma Home & Kitchen Everyday 228,Home & Kitchen,4224.05,56,141,595591.05,In Stock
P00229,Cedar Lane Sports Max 229,Sports,1024.36,69,294,301161.84,In Stock
P00230,Orbit Grocery Select 230,Grocery,1381.0,69,210,290010.0,In Stock
P00231,Solace Books Classic 231,Books,1222.9,38,353,431683.7,Overstocked
P00232,Pioneer Accessories Plus 232,Accessories,1982.71,23,334,662225.14,Overstocked
P00233,Northstar Electronics Pro 233,Electronics,38907.19,54,321,12489207.99,Overstocked
P00234,Aster & Co. Fashion Essential 234,Fashion,2106.78,26,17,35815.26,Low Stock
P00235,Mosaic Beauty Studio 235,Beauty,359.08,55,218,78279.44,In Stock
P00236,Luma Home & Kitchen Everyday 236,Home & Kitchen,8856.08,34,281,2488558.48,In Stock
P00237,Cedar Lane Sports Max 237,Sports,316.16,64,226,71452.16,In Stock
P00238,Orbit Grocery Select 238,Grocery,40.79,66,312,12726.48,Overstocked
P00239,Solace Books Classic 239,Books,403.14,60,258,104010.12,In Stock
P00240,Pioneer Accessories Plus 240,Accessories,1499.71,26,193,289444.03,In Stock
P00241,Northstar Electronics Pro 241,Electronics,5913.94,58,203,1200529.82,In Stock
P00242,Aster & Co. Fashion Essential 242,Fashion,5187.12,50,94,487589.28,In Stock
P00243,Mosaic Beauty Studio 243,Beauty,372.85,24,290,108126.5,In Stock
P00244,Luma Home & Kitchen Everyday 244,Home & Kitchen,634.95,58,389,246995.55,Overstocked
P00245,Cedar Lane Sports Max 245,Sports,1557.71,31,277,431485.67,In Stock
P00246,Orbit Grocery Select 246,Grocery,67.24,59,300,20172.0,In Stock
P00247,Solace Books Classic 247,Books,98.15,63,270,26500.5,In Stock
P00248,Pioneer Accessories Plus 248,Accessories,746.8,51,270,201636.0,In Stock
P00249,Northstar Electronics Pro 249,Electronics,6529.69,47,77,502786.13,In Stock
P00250,Aster & Co. Fashion Essential 250,Fashion,982.98,28,24,23591.52,Low Stock
P00251,Mosaic Beauty Studio 251,Beauty,1900.06,68,154,292609.24,In Stock
P00252,Luma Home & Kitchen Everyday 252,Home & Kitchen,909.86,28,354,322090.44,Overstocked
P00253,Cedar Lane Sports Max 253,Sports,1371.96,18,377,517228.92,Overstocked
P00254,Orbit Grocery Select 254,Grocery,1015.18,37,168,170550.24,In Stock
P00255,Solace Books Classic 255,Books,1442.52,45,46,66355.92,In Stock
P00256,Pioneer Accessories Plus 256,Accessories,1217.06,60,90,109535.4,In Stock
P00257,Northstar Electronics Pro 257,Electronics,3846.8,39,207,796287.6,In Stock
P00258,Aster & Co. Fashion Essential 258,Fashion,4091.41,19,275,1125137.75,In Stock
P00259,Mosaic Beauty Studio 259,Beauty,149.11,49,74,11034.14,In Stock
P00260,Luma Home & Kitchen Everyday 260,Home & Kitchen,883.76,38,419,370295.44,Overstocked
P00261,Cedar Lane Sports Max 261,Sports,4600.16,19,203,933832.48,In Stock
P00262,Orbit Grocery Select 262,Grocery,271.4,36,180,48852.0,In Stock
P00263,Solace Books Classic 263,Books,455.12,54,381,173400.72,Overstocked
P00264,Pioneer Accessories Plus 264,Accessories,768.31,35,101,77599.31,In Stock
P00265,Northstar Electronics Pro 265,Electronics,15364.62,39,82,1259898.84,In Stock
P00266,Aster & Co. Fashion Essential 266,Fashion,2315.14,27,187,432931.18,In Stock
P00267,Mosaic Beauty Studio 267,Beauty,373.92,31,347,129750.24,Overstocked
P00268,Luma Home & Kitchen Everyday 268,Home & Kitchen,2301.64,72,349,803272.36,Overstocked
P00269,Cedar Lane Sports Max 269,Sports,381.47,74,192,73242.24,In Stock
P00270,Orbit Grocery Select 270,Grocery,98.37,72,184,18100.08,In Stock
P00271,Solace Books Classic 271,Books,184.44,66,286,52749.84,In Stock
P00272,Pioneer Accessories Plus 272,Accessories,1888.3,20,340,642022.0,Overstocked
P00273,Northstar Electronics Pro 273,Electronics,2961.37,69,266,787724.42,In Stock
P00274,Aster & Co. Fashion Essential 274,Fashion,309.67,17,195,60385.65,In Stock
P00275,Mosaic Beauty Studio 275,Beauty,478.39,37,244,116727.16,In Stock
P00276,Luma Home & Kitchen Everyday 276,Home & Kitchen,713.25,37,85,60626.25,In Stock
P00277,Cedar Lane Sports Max 277,Sports,204.22,50,260,53097.2,In Stock
P00278,Orbit Grocery Select 278,Grocery,109.41,73,155,16958.55,In Stock
P00279,Solace Books Classic 279,Books,1097.03,66,284,311556.52,In Stock
P00280,Pioneer Accessories Plus 280,Accessories,278.14,22,7,1946.98,Low Stock
P00281,Northstar Electronics Pro 281,Electronics,53089.05,45,159,8441158.95,In Stock
P00282,Aster & Co. Fashion Essential 282,Fashion,5200.83,33,264,1373019.12,In Stock
P00283,Mosaic Beauty Studio 283,Beauty,183.05,55,369,67545.45,Overstocked
P00284,Luma Home & Kitchen Everyday 284,Home & Kitchen,1194.85,30,82,97977.7,In Stock
P00285,Cedar Lane Sports Max 285,Sports,2566.44,19,55,141154.2,In Stock
P00286,Orbit Grocery Select 286,Grocery,1149.58,24,44,50581.52,In Stock
P00287,Solace Books Classic 287,Books,83.98,24,55,4618.9,In Stock
P00288,Pioneer Accessories Plus 288,Accessories,2437.51,37,343,836065.93,Overstocked
P00289,Northstar Electronics Pro 289,Electronics,9694.35,63,418,4052238.3,Overstocked
P00290,Aster & Co. Fashion Essential 290,Fashion,943.63,71,376,354804.88,Overstocked
P00291,Mosaic Beauty Studio 291,Beauty,551.46,33,375,206797.5,Overstocked
P00292,Luma Home & Kitchen Everyday 292,Home & Kitchen,213.88,53,137,29301.56,In Stock
P00293,Cedar Lane Sports Max 293,Sports,525.54,29,100,52554.0,In Stock
P00294,Orbit Grocery Select 294,Grocery,984.32,54,373,367151.36,Overstocked
P00295,Solace Books Classic 295,Books,122.58,29,347,42535.26,Overstocked
P00296,Pioneer Accessories Plus 296,Accessories,822.8,70,42,34557.6,Low Stock
P00297,Northstar Electronics Pro 297,Electronics,34665.63,65,111,3847884.93,In Stock
P00298,Aster & Co. Fashion Essential 298,Fashion,5407.52,19,184,994983.68,In Stock
P00299,Mosaic Beauty Studio 299,Beauty,397.59,33,91,36180.69,In Stock
P00300,Luma Home & Kitchen Everyday 300,Home & Kitchen,754.23,34,310,233811.3,Overstocked
P00301,Cedar Lane Sports Max 301,Sports,313.32,42,269,84283.08,In Stock
P00302,Orbit Grocery Select 302,Grocery,574.37,65,264,151633.68,In Stock
P00303,Solace Books Classic 303,Books,792.13,21,195,154465.35,In Stock
P00304,Pioneer Accessories Plus 304,Accessories,679.34,20,182,123639.88,In Stock
P00305,Northstar Electronics Pro 305,Electronics,2680.51,63,233,624558.83,In Stock
P00306,Aster & Co. Fashion Essential 306,Fashion,572.48,21,99,56675.52,In Stock
P00307,Mosaic Beauty Studio 307,Beauty,214.94,47,228,49006.32,In Stock
P00308,Luma Home & Kitchen Everyday 308,Home & Kitchen,157.75,47,327,51584.25,Overstocked
P00309,Cedar Lane Sports Max 309,Sports,587.44,19,82,48170.08,In Stock
P00310,Orbit Grocery Select 310,Grocery,1174.92,60,10,11749.2,Low Stock
P00311,Solace Books Classic 311,Books,148.51,38,17,2524.67,Low Stock
P00312,Pioneer Accessories Plus 312,Accessories,145.72,64,182,26521.04,In Stock
P00313,Northstar Electronics Pro 313,Electronics,10247.33,34,31,317667.23,Low Stock
P00314,Aster & Co. Fashion Essential 314,Fashion,2859.49,67,391,1118060.59,Overstocked
P00315,Mosaic Beauty Studio 315,Beauty,178.78,53,35,6257.3,Low Stock
P00316,Luma Home & Kitchen Everyday 316,Home & Kitchen,6641.8,67,101,670821.8,In Stock
P00317,Cedar Lane Sports Max 317,Sports,2525.0,58,5,12625.0,Low Stock
P00318,Orbit Grocery Select 318,Grocery,264.4,40,77,20358.8,In Stock
P00319,Solace Books Classic 319,Books,104.08,65,193,20087.44,In Stock
P00320,Pioneer Accessories Plus 320,Accessories,129.88,29,126,16364.88,In Stock
P00321,Northstar Electronics Pro 321,Electronics,14852.28,16,326,4841843.28,Overstocked
P00322,Aster & Co. Fashion Essential 322,Fashion,1566.3,71,81,126870.3,In Stock
P00323,Mosaic Beauty Studio 323,Beauty,127.14,59,276,35090.64,In Stock
P00324,Luma Home & Kitchen Everyday 324,Home & Kitchen,508.16,47,258,131105.28,In Stock
P00325,Cedar Lane Sports Max 325,Sports,4007.74,38,148,593145.52,In Stock
P00326,Orbit Grocery Select 326,Grocery,198.69,56,407,80866.83,Overstocked
P00327,Solace Books Classic 327,Books,586.65,25,121,70984.65,In Stock
P00328,Pioneer Accessories Plus 328,Accessories,4065.46,56,372,1512351.12,Overstocked
P00329,Northstar Electronics Pro 329,Electronics,2762.73,54,395,1091278.35,Overstocked
P00330,Aster & Co. Fashion Essential 330,Fashion,509.55,42,168,85604.4,In Stock
P00331,Mosaic Beauty Studio 331,Beauty,100.13,74,107,10713.91,In Stock
P00332,Luma Home & Kitchen Everyday 332,Home & Kitchen,6988.12,34,67,468204.04,In Stock
P00333,Cedar Lane Sports Max 333,Sports,1388.84,58,172,238880.48,In Stock
P00334,Orbit Grocery Select 334,Grocery,386.87,38,47,18182.89,In Stock
P00335,Solace Books Classic 335,Books,285.41,65,381,108741.21,Overstocked
P00336,Pioneer Accessories Plus 336,Accessories,1475.57,23,126,185921.82,In Stock
P00337,Northstar Electronics Pro 337,Electronics,11414.9,44,130,1483937.0,In Stock
P00338,Aster & Co. Fashion Essential 338,Fashion,1555.74,60,352,547620.48,Overstocked
P00339,Mosaic Beauty Studio 339,Beauty,402.32,52,249,100177.68,In Stock
P00340,Luma Home & Kitchen Everyday 340,Home & Kitchen,4380.81,23,192,841115.52,In Stock
P00341,Cedar Lane Sports Max 341,Sports,222.63,32,129,28719.27,In Stock
P00342,Orbit Grocery Select 342,Grocery,1488.34,42,81,120555.54,In Stock
P00343,Solace Books Classic 343,Books,423.41,59,170,71979.7,In Stock
P00344,Pioneer Accessories Plus 344,Accessories,1451.59,33,166,240963.94,In Stock
P00345,Northstar Electronics Pro 345,Electronics,7885.38,57,55,433695.9,Low Stock
P00346,Aster & Co. Fashion Essential 346,Fashion,267.82,31,419,112216.58,Overstocked
P00347,Mosaic Beauty Studio 347,Beauty,271.28,66,229,62123.12,In Stock
P00348,Luma Home & Kitchen Everyday 348,Home & Kitchen,616.67,60,73,45016.91,In Stock
P00349,Cedar Lane Sports Max 349,Sports,2234.3,65,24,53623.2,Low Stock
P00350,Orbit Grocery Select 350,Grocery,399.12,20,57,22749.84,In Stock
P00351,Solace Books Classic 351,Books,673.28,48,168,113111.04,In Stock
P00352,Pioneer Accessories Plus 352,Accessories,185.99,45,233,43335.67,In Stock
P00353,Northstar Electronics Pro 353,Electronics,25989.54,24,213,5535772.02,In Stock
P00354,Aster & Co. Fashion Essential 354,Fashion,5235.86,44,178,931983.08,In Stock
P00355,Mosaic Beauty Studio 355,Beauty,147.95,28,74,10948.3,In Stock
P00356,Luma Home & Kitchen Everyday 356,Home & Kitchen,401.56,48,68,27306.08,In Stock
P00357,Cedar Lane Sports Max 357,Sports,341.96,53,17,5813.32,Low Stock
P00358,Orbit Grocery Select 358,Grocery,267.05,36,237,63290.85,In Stock
P00359,Solace Books Classic 359,Books,489.25,49,320,156560.0,Overstocked
P00360,Pioneer Accessories Plus 360,Accessories,403.57,21,181,73046.17,In Stock
P00361,Northstar Electronics Pro 361,Electronics,24281.25,15,121,2938031.25,In Stock
P00362,Aster & Co. Fashion Essential 362,Fashion,323.4,19,208,67267.2,In Stock
P00363,Mosaic Beauty Studio 363,Beauty,918.37,58,240,220408.8,In Stock
P00364,Luma Home & Kitchen Everyday 364,Home & Kitchen,2894.16,17,264,764058.24,In Stock
P00365,Cedar Lane Sports Max 365,Sports,2854.64,43,199,568073.36,In Stock
P00366,Orbit Grocery Select 366,Grocery,468.7,44,319,149515.3,Overstocked
P00367,Solace Books Classic 367,Books,135.95,57,123,16721.85,In Stock
P00368,Pioneer Accessories Plus 368,Accessories,219.34,41,42,9212.28,In Stock
P00369,Northstar Electronics Pro 369,Electronics,3053.9,63,84,256527.6,In Stock
P00370,Aster & Co. Fashion Essential 370,Fashion,4541.99,72,411,1866757.89,Overstocked
P00371,Mosaic Beauty Studio 371,Beauty,2360.59,45,259,611392.81,In Stock
P00372,Luma Home & Kitchen Everyday 372,Home & Kitchen,326.21,36,173,56434.33,In Stock
P00373,Cedar Lane Sports Max 373,Sports,5543.33,65,102,565419.66,In Stock
P00374,Orbit Grocery Select 374,Grocery,511.68,32,345,176529.6,Overstocked
P00375,Solace Books Classic 375,Books,1048.17,32,11,11529.87,Low Stock
P00376,Pioneer Accessories Plus 376,Accessories,2464.65,35,259,638344.35,In Stock
P00377,Northstar Electronics Pro 377,Electronics,43592.67,34,298,12990615.66,In Stock
P00378,Aster & Co. Fashion Essential 378,Fashion,1354.87,72,266,360395.42,In Stock
P00379,Mosaic Beauty Studio 379,Beauty,1806.18,58,166,299825.88,In Stock
P00380,Luma Home & Kitchen Everyday 380,Home & Kitchen,2009.73,28,150,301459.5,In Stock
P00381,Cedar Lane Sports Max 381,Sports,174.62,56,190,33177.8,In Stock
P00382,Orbit Grocery Select 382,Grocery,149.22,20,360,53719.2,Overstocked
P00383,Solace Books Classic 383,Books,330.26,50,1,330.26,Low Stock
P00384,Pioneer Accessories Plus 384,Accessories,261.62,29,63,16482.06,In Stock
P00385,Northstar Electronics Pro 385,Electronics,4764.83,69,88,419305.04,In Stock
P00386,Aster & Co. Fashion Essential 386,Fashion,680.39,62,227,154448.53,In Stock
P00387,Mosaic Beauty Studio 387,Beauty,1377.49,16,97,133616.53,In Stock
P00388,Luma Home & Kitchen Everyday 388,Home & Kitchen,6484.63,18,213,1381226.19,In Stock
P00389,Cedar Lane Sports Max 389,Sports,300.02,19,380,114007.6,Overstocked
P00390,Orbit Grocery Select 390,Grocery,1488.48,33,346,515014.08,Overstocked
P00391,Solace Books Classic 391,Books,427.38,16,417,178217.46,Overstocked
P00392,Pioneer Accessories Plus 392,Accessories,1312.98,53,42,55145.16,Low Stock
P00393,Northstar Electronics Pro 393,Electronics,6168.48,45,202,1246032.96,In Stock
P00394,Aster & Co. Fashion Essential 394,Fashion,1157.36,33,351,406233.36,Overstocked
P00395,Mosaic Beauty Studio 395,Beauty,1118.91,69,375,419591.25,Overstocked
P00396,Luma Home & Kitchen Everyday 396,Home & Kitchen,2000.33,21,3,6000.99,Low Stock
P00397,Cedar Lane Sports Max 397,Sports,5326.16,48,112,596529.92,In Stock
P00398,Orbit Grocery Select 398,Grocery,360.07,56,152,54730.64,In Stock
P00399,Solace Books Classic 399,Books,906.17,73,119,107834.23,In Stock
P00400,Pioneer Accessories Plus 400,Accessories,105.8,43,360,38088.0,Overstocked
P00401,Northstar Electronics Pro 401,Electronics,6429.98,24,243,1562485.14,In Stock
P00402,Aster & Co. Fashion Essential 402,Fashion,255.23,66,322,82184.06,Overstocked
P00403,Mosaic Beauty Studio 403,Beauty,199.42,69,359,71591.78,Overstocked
P00404,Luma Home & Kitchen Everyday 404,Home & Kitchen,154.23,66,250,38557.5,In Stock
P00405,Cedar Lane Sports Max 405,Sports,2959.71,50,72,213099.12,In Stock
P00406,Orbit Grocery Select 406,Grocery,546.95,72,60,32817.0,Low Stock
P00407,Solace Books Classic 407,Books,792.96,38,125,99120.0,In Stock
P00408,Pioneer Accessories Plus 408,Accessories,129.31,54,202,26120.62,In Stock
P00409,Northstar Electronics Pro 409,Electronics,4830.96,42,399,1927553.04,Overstocked
P00410,Aster & Co. Fashion Essential 410,Fashion,342.58,21,103,35285.74,In Stock
P00411,Mosaic Beauty Studio 411,Beauty,1015.03,24,260,263907.8,In Stock
P00412,Luma Home & Kitchen Everyday 412,Home & Kitchen,2472.14,70,398,983911.72,Overstocked
P00413,Cedar Lane Sports Max 413,Sports,787.47,17,107,84259.29,In Stock
P00414,Orbit Grocery Select 414,Grocery,168.51,70,328,55271.28,Overstocked
P00415,Solace Books Classic 415,Books,92.74,67,261,24205.14,In Stock
P00416,Pioneer Accessories Plus 416,Accessories,462.25,58,67,30970.75,In Stock
P00417,Northstar Electronics Pro 417,Electronics,1026.91,35,141,144794.31,In Stock
P00418,Aster & Co. Fashion Essential 418,Fashion,1440.73,31,338,486966.74,Overstocked
P00419,Mosaic Beauty Studio 419,Beauty,192.0,20,49,9408.0,In Stock
P00420,Luma Home & Kitchen Everyday 420,Home & Kitchen,6159.51,72,43,264858.93,Low Stock
P00421,Cedar Lane Sports Max 421,Sports,763.18,39,201,153399.18,In Stock
P00422,Orbit Grocery Select 422,Grocery,162.06,30,191,30953.46,In Stock
P00423,Solace Books Classic 423,Books,1245.61,40,254,316384.94,In Stock
P00424,Pioneer Accessories Plus 424,Accessories,679.87,61,317,215518.79,Overstocked
P00425,Northstar Electronics Pro 425,Electronics,1215.08,53,413,501828.04,Overstocked
P00426,Aster & Co. Fashion Essential 426,Fashion,835.19,38,276,230512.44,In Stock
P00427,Mosaic Beauty Studio 427,Beauty,700.05,50,120,84006.0,In Stock
P00428,Luma Home & Kitchen Everyday 428,Home & Kitchen,233.45,63,23,5369.35,Low Stock
P00429,Cedar Lane Sports Max 429,Sports,1703.04,71,280,476851.2,In Stock
P00430,Orbit Grocery Select 430,Grocery,902.01,71,275,248052.75,In Stock
P00431,Solace Books Classic 431,Books,129.37,41,200,25874.0,In Stock
P00432,Pioneer Accessories Plus 432,Accessories,252.47,19,12,3029.64,Low Stock
P00433,Northstar Electronics Pro 433,Electronics,35943.8,20,383,13766475.4,Overstocked
P00434,Aster & Co. Fashion Essential 434,Fashion,659.8,55,331,218393.8,Overstocked
P00435,Mosaic Beauty Studio 435,Beauty,1983.8,17,147,291618.6,In Stock
P00436,Luma Home & Kitchen Everyday 436,Home & Kitchen,398.6,59,303,120775.8,Overstocked
P00437,Cedar Lane Sports Max 437,Sports,400.94,21,408,163583.52,Overstocked
P00438,Orbit Grocery Select 438,Grocery,112.24,16,7,785.68,Low Stock
P00439,Solace Books Classic 439,Books,524.67,39,99,51942.33,In Stock
P00440,Pioneer Accessories Plus 440,Accessories,2618.83,64,230,602330.9,In Stock
P00441,Northstar Electronics Pro 441,Electronics,3004.98,28,283,850409.34,In Stock
P00442,Aster & Co. Fashion Essential 442,Fashion,820.66,57,113,92734.58,In Stock
P00443,Mosaic Beauty Studio 443,Beauty,275.01,62,330,90753.3,Overstocked
P00444,Luma Home & Kitchen Everyday 444,Home & Kitchen,1903.18,20,163,310218.34,In Stock
P00445,Cedar Lane Sports Max 445,Sports,381.23,15,182,69383.86,In Stock
P00446,Orbit Grocery Select 446,Grocery,390.7,19,275,107442.5,In Stock
P00447,Solace Books Classic 447,Books,895.2,53,373,333909.6,Overstocked
P00448,Pioneer Accessories Plus 448,Accessories,301.9,58,328,99023.2,Overstocked
P00449,Northstar Electronics Pro 449,Electronics,3558.71,60,337,1199285.27,Overstocked
P00450,Aster & Co. Fashion Essential 450,Fashion,2423.01,52,49,118727.49,Low Stock
P00451,Mosaic Beauty Studio 451,Beauty,164.5,53,29,4770.5,Low Stock
P00452,Luma Home & Kitchen Everyday 452,Home & Kitchen,5384.54,34,6,32307.24,Low Stock
P00453,Cedar Lane Sports Max 453,Sports,418.83,17,183,76645.89,In Stock
P00454,Orbit Grocery Select 454,Grocery,451.15,55,295,133089.25,In Stock
P00455,Solace Books Classic 455,Books,327.98,39,257,84290.86,In Stock
P00456,Pioneer Accessories Plus 456,Accessories,2817.53,27,297,836806.41,In Stock
P00457,Northstar Electronics Pro 457,Electronics,6500.29,38,414,2691120.06,Overstocked
P00458,Aster & Co. Fashion Essential 458,Fashion,5446.75,59,170,925947.5,In Stock
P00459,Mosaic Beauty Studio 459,Beauty,2668.33,56,192,512319.36,In Stock
P00460,Luma Home & Kitchen Everyday 460,Home & Kitchen,4598.56,31,360,1655481.6,Overstocked
P00461,Cedar Lane Sports Max 461,Sports,931.53,29,298,277595.94,In Stock
P00462,Orbit Grocery Select 462,Grocery,1418.33,34,211,299267.63,In Stock
P00463,Solace Books Classic 463,Books,466.39,24,203,94677.17,In Stock
P00464,Pioneer Accessories Plus 464,Accessories,213.06,33,299,63704.94,In Stock
P00465,Northstar Electronics Pro 465,Electronics,2169.78,55,141,305938.98,In Stock
P00466,Aster & Co. Fashion Essential 466,Fashion,523.42,46,178,93168.76,In Stock
P00467,Mosaic Beauty Studio 467,Beauty,191.48,21,259,49593.32,In Stock
P00468,Luma Home & Kitchen Everyday 468,Home & Kitchen,3985.8,16,379,1510618.2,Overstocked
P00469,Cedar Lane Sports Max 469,Sports,1177.33,68,310,364972.3,Overstocked
P00470,Orbit Grocery Select 470,Grocery,607.46,74,217,131818.82,In Stock
P00471,Solace Books Classic 471,Books,144.98,66,85,12323.3,In Stock
P00472,Pioneer Accessories Plus 472,Accessories,241.55,32,19,4589.45,Low Stock
P00473,Northstar Electronics Pro 473,Electronics,7358.57,29,132,971331.24,In Stock
P00474,Aster & Co. Fashion Essential 474,Fashion,913.21,52,253,231042.13,In Stock
P00475,Mosaic Beauty Studio 475,Beauty,334.57,15,235,78623.95,In Stock
P00476,Luma Home & Kitchen Everyday 476,Home & Kitchen,358.66,66,81,29051.46,In Stock
P00477,Cedar Lane Sports Max 477,Sports,509.17,36,250,127292.5,In Stock
P00478,Orbit Grocery Select 478,Grocery,750.73,33,188,141137.24,In Stock
P00479,Solace Books Classic 479,Books,145.15,30,201,29175.15,In Stock
P00480,Pioneer Accessories Plus 480,Accessories,1644.14,63,114,187431.96,In Stock
P00481,Northstar Electronics Pro 481,Electronics,3916.84,74,407,1594153.88,Overstocked
P00482,Aster & Co. Fashion Essential 482,Fashion,2292.39,25,283,648746.37,In Stock
P00483,Mosaic Beauty Studio 483,Beauty,473.22,17,236,111679.92,In Stock
P00484,Luma Home & Kitchen Everyday 484,Home & Kitchen,885.86,25,21,18603.06,Low Stock
P00485,Cedar Lane Sports Max 485,Sports,4748.62,55,162,769276.44,In Stock
P00486,Orbit Grocery Select 486,Grocery,385.34,30,145,55874.3,In Stock
P00487,Solace Books Classic 487,Books,256.06,42,359,91925.54,Overstocked
P00488,Pioneer Accessories Plus 488,Accessories,4578.42,50,335,1533770.7,Overstocked
P00489,Northstar Electronics Pro 489,Electronics,2029.91,15,241,489208.31,In Stock
P00490,Aster & Co. Fashion Essential 490,Fashion,2704.79,59,132,357032.28,In Stock
P00491,Mosaic Beauty Studio 491,Beauty,678.39,65,151,102436.89,In Stock
P00492,Luma Home & Kitchen Everyday 492,Home & Kitchen,2073.45,38,378,783764.1,Overstocked
P00493,Cedar Lane Sports Max 493,Sports,471.95,39,75,35396.25,In Stock
P00494,Orbit Grocery Select 494,Grocery,159.65,53,364,58112.6,Overstocked
P00495,Solace Books Classic 495,Books,317.08,50,363,115100.04,Overstocked
P00496,Pioneer Accessories Plus 496,Accessories,1564.73,56,74,115790.02,In Stock
P00497,Northstar Electronics Pro 497,Electronics,26816.43,38,221,5926431.03,In Stock
P00498,Aster & Co. Fashion Essential 498,Fashion,347.41,18,123,42731.43,In Stock
P00499,Mosaic Beauty Studio 499,Beauty,2168.2,65,284,615768.8,In Stock
P00500,Luma Home & Kitchen Everyday 500,Home & Kitchen,966.8,63,224,216563.2,In Stock
P00501,Cedar Lane Sports Max 501,Sports,472.61,53,376,177701.36,Overstocked
P00502,Orbit Grocery Select 502,Grocery,154.17,22,262,40392.54,In Stock
P00503,Solace Books Classic 503,Books,64.43,28,147,9471.21,In Stock
P00504,Pioneer Accessories Plus 504,Accessories,156.47,43,413,64622.11,Overstocked
P00505,Northstar Electronics Pro 505,Electronics,9098.57,62,274,2493008.18,In Stock
P00506,Aster & Co. Fashion Essential 506,Fashion,1475.35,73,149,219827.15,In Stock
P00507,Mosaic Beauty Studio 507,Beauty,441.18,18,62,27353.16,In Stock
P00508,Luma Home & Kitchen Everyday 508,Home & Kitchen,1880.16,62,131,246300.96,In Stock
P00509,Cedar Lane Sports Max 509,Sports,450.59,45,33,14869.47,Low Stock
P00510,Orbit Grocery Select 510,Grocery,1080.4,31,45,48618.0,In Stock
P00511,Solace Books Classic 511,Books,1054.47,37,101,106501.47,In Stock
P00512,Pioneer Accessories Plus 512,Accessories,1213.98,65,75,91048.5,In Stock
P00513,Northstar Electronics Pro 513,Electronics,41721.36,65,370,15436903.2,Overstocked
P00514,Aster & Co. Fashion Essential 514,Fashion,1026.15,39,350,359152.5,Overstocked
P00515,Mosaic Beauty Studio 515,Beauty,2317.63,39,378,876064.14,Overstocked
P00516,Luma Home & Kitchen Everyday 516,Home & Kitchen,706.08,56,195,137685.6,In Stock
P00517,Cedar Lane Sports Max 517,Sports,7019.75,21,127,891508.25,In Stock
P00518,Orbit Grocery Select 518,Grocery,113.05,56,44,4974.2,Low Stock
P00519,Solace Books Classic 519,Books,82.89,74,388,32161.32,Overstocked
P00520,Pioneer Accessories Plus 520,Accessories,297.8,35,156,46456.8,In Stock
P00521,Northstar Electronics Pro 521,Electronics,19845.95,17,409,8116993.55,Overstocked
P00522,Aster & Co. Fashion Essential 522,Fashion,1052.72,22,260,273707.2,In Stock
P00523,Mosaic Beauty Studio 523,Beauty,666.94,53,349,232762.06,Overstocked
P00524,Luma Home & Kitchen Everyday 524,Home & Kitchen,1756.02,34,69,121165.38,In Stock
P00525,Cedar Lane Sports Max 525,Sports,3371.66,30,397,1338549.02,Overstocked
P00526,Orbit Grocery Select 526,Grocery,442.01,57,277,122436.77,In Stock
P00527,Solace Books Classic 527,Books,372.21,67,119,44292.99,In Stock
P00528,Pioneer Accessories Plus 528,Accessories,710.8,53,128,90982.4,In Stock
P00529,Northstar Electronics Pro 529,Electronics,4919.74,45,403,1982655.22,Overstocked
P00530,Aster & Co. Fashion Essential 530,Fashion,331.44,43,218,72253.92,In Stock
P00531,Mosaic Beauty Studio 531,Beauty,1612.13,31,295,475578.35,In Stock
P00532,Luma Home & Kitchen Everyday 532,Home & Kitchen,11818.13,58,414,4892705.82,Overstocked
P00533,Cedar Lane Sports Max 533,Sports,3493.77,20,228,796579.56,In Stock
P00534,Orbit Grocery Select 534,Grocery,1083.72,30,382,413981.04,Overstocked
P00535,Solace Books Classic 535,Books,208.76,24,27,5636.52,In Stock
P00536,Pioneer Accessories Plus 536,Accessories,170.2,31,353,60080.6,Overstocked
P00537,Northstar Electronics Pro 537,Electronics,2335.84,67,382,892290.88,Overstocked
P00538,Aster & Co. Fashion Essential 538,Fashion,373.2,56,191,71281.2,In Stock
P00539,Mosaic Beauty Studio 539,Beauty,1536.37,35,336,516220.32,Overstocked
P00540,Luma Home & Kitchen Everyday 540,Home & Kitchen,4996.0,43,50,249800.0,In Stock
P00541,Cedar Lane Sports Max 541,Sports,2509.2,49,164,411508.8,In Stock
P00542,Orbit Grocery Select 542,Grocery,496.87,51,10,4968.7,Low Stock
P00543,Solace Books Classic 543,Books,221.57,31,32,7090.24,In Stock
P00544,Pioneer Accessories Plus 544,Accessories,1630.77,15,126,205477.02,In Stock
P00545,Northstar Electronics Pro 545,Electronics,32080.85,64,29,930344.65,Low Stock
P00546,Aster & Co. Fashion Essential 546,Fashion,1075.62,34,295,317307.9,In Stock
P00547,Mosaic Beauty Studio 547,Beauty,126.38,57,414,52321.32,Overstocked
P00548,Luma Home & Kitchen Everyday 548,Home & Kitchen,1744.39,44,351,612280.89,Overstocked
P00549,Cedar Lane Sports Max 549,Sports,481.26,65,128,61601.28,In Stock
P00550,Orbit Grocery Select 550,Grocery,293.9,50,75,22042.5,In Stock
P00551,Solace Books Classic 551,Books,190.6,52,203,38691.8,In Stock
P00552,Pioneer Accessories Plus 552,Accessories,424.89,53,178,75630.42,In Stock
P00553,Northstar Electronics Pro 553,Electronics,19435.32,69,88,1710308.16,In Stock
P00554,Aster & Co. Fashion Essential 554,Fashion,399.8,23,178,71164.4,In Stock
P00555,Mosaic Beauty Studio 555,Beauty,209.41,26,114,23872.74,In Stock
P00556,Luma Home & Kitchen Everyday 556,Home & Kitchen,658.77,48,220,144929.4,In Stock
P00557,Cedar Lane Sports Max 557,Sports,2101.13,28,6,12606.78,Low Stock
P00558,Orbit Grocery Select 558,Grocery,456.35,73,0,0.0,Out of Stock
P00559,Solace Books Classic 559,Books,109.11,65,392,42771.12,Overstocked
P00560,Pioneer Accessories Plus 560,Accessories,110.18,33,223,24570.14,In Stock
P00561,Northstar Electronics Pro 561,Electronics,8203.51,22,368,3018891.68,Overstocked
P00562,Aster & Co. Fashion Essential 562,Fashion,5214.82,70,115,599704.3,In Stock
P00563,Mosaic Beauty Studio 563,Beauty,888.27,21,76,67508.52,In Stock
P00564,Luma Home & Kitchen Everyday 564,Home & Kitchen,962.85,28,227,218566.95,In Stock
P00565,Cedar Lane Sports Max 565,Sports,5029.03,27,154,774470.62,In Stock
P00566,Orbit Grocery Select 566,Grocery,391.89,18,291,114039.99,In Stock
P00567,Solace Books Classic 567,Books,243.01,66,245,59537.45,In Stock
P00568,Pioneer Accessories Plus 568,Accessories,308.37,53,121,37312.77,In Stock
P00569,Northstar Electronics Pro 569,Electronics,17186.9,27,321,5516994.9,Overstocked
P00570,Aster & Co. Fashion Essential 570,Fashion,5932.64,72,57,338160.48,Low Stock
P00571,Mosaic Beauty Studio 571,Beauty,1310.18,33,222,290859.96,In Stock
P00572,Luma Home & Kitchen Everyday 572,Home & Kitchen,3411.01,30,317,1081290.17,Overstocked
P00573,Cedar Lane Sports Max 573,Sports,756.48,42,333,251907.84,Overstocked
P00574,Orbit Grocery Select 574,Grocery,608.91,57,283,172321.53,In Stock
P00575,Solace Books Classic 575,Books,174.19,24,328,57134.32,Overstocked
P00576,Pioneer Accessories Plus 576,Accessories,78.85,55,202,15927.7,In Stock
P00577,Northstar Electronics Pro 577,Electronics,17158.64,68,223,3826376.72,In Stock
P00578,Aster & Co. Fashion Essential 578,Fashion,1541.66,33,36,55499.76,In Stock
P00579,Mosaic Beauty Studio 579,Beauty,327.11,42,372,121684.92,Overstocked
P00580,Luma Home & Kitchen Everyday 580,Home & Kitchen,2438.0,27,311,758218.0,Overstocked
P00581,Cedar Lane Sports Max 581,Sports,567.49,17,241,136765.09,In Stock
P00582,Orbit Grocery Select 582,Grocery,489.23,45,1,489.23,Low Stock
P00583,Solace Books Classic 583,Books,718.84,17,410,294724.4,Overstocked
P00584,Pioneer Accessories Plus 584,Accessories,478.69,56,150,71803.5,In Stock
P00585,Northstar Electronics Pro 585,Electronics,16547.45,33,409,6767907.05,Overstocked
P00586,Aster & Co. Fashion Essential 586,Fashion,1987.99,74,314,624228.86,Overstocked
P00587,Mosaic Beauty Studio 587,Beauty,995.71,26,16,15931.36,Low Stock
P00588,Luma Home & Kitchen Everyday 588,Home & Kitchen,2483.05,71,380,943559.0,Overstocked
P00589,Cedar Lane Sports Max 589,Sports,278.33,60,340,94632.2,Overstocked
P00590,Orbit Grocery Select 590,Grocery,1004.52,24,266,267202.32,In Stock
P00591,Solace Books Classic 591,Books,404.63,53,371,150117.73,Overstocked
P00592,Pioneer Accessories Plus 592,Accessories,152.15,39,194,29517.1,In Stock
P00593,Northstar Electronics Pro 593,Electronics,10049.32,67,326,3276078.32,Overstocked
P00594,Aster & Co. Fashion Essential 594,Fashion,365.98,59,221,80881.58,In Stock
P00595,Mosaic Beauty Studio 595,Beauty,847.67,39,119,100872.73,In Stock
P00596,Luma Home & Kitchen Everyday 596,Home & Kitchen,9752.02,21,104,1014210.08,In Stock
P00597,Cedar Lane Sports Max 597,Sports,1271.83,61,24,30523.92,Low Stock
P00598,Orbit Grocery Select 598,Grocery,44.97,47,366,16459.02,Overstocked
P00599,Solace Books Classic 599,Books,425.36,53,353,150152.08,Overstocked
P00600,Pioneer Accessories Plus 600,Accessories,1881.8,69,61,114789.8,Low Stock
