product_id,product_name,category,brand,selling_price,cost_price,rating,reorder_level
P00001,Northstar Electronics Pro 001,Electronics,Northstar,3624.74,2389.34,3.3,19
P00002,Aster & Co. Fashion Essential 002,Fashion,Aster & Co.,1129.53,792.19,4.1,37
P00003,Mosaic Beauty Studio 003,Beauty,Mosaic,314.69,208.57,4.1,24
P00004,Luma Home & Kitchen Everyday 004,Home & Kitchen,Luma,12776.37,8407.41,4.2,73
P00005,Cedar Lane Sports Max 005,Sports,Cedar Lane,2006.45,1427.09,4.0,42
P00006,Orbit Grocery Select 006,Grocery,Orbit,169.16,91.92,4.0,35
P00007,Solace Books Classic 007,Books,Solace,420.27,279.77,4.1,42
P00008,Pioneer Accessories Plus 008,Accessories,Pioneer,594.06,317.65,4.8,41
P00009,Northstar Electronics Pro 009,Electronics,Northstar,9882.27,5573.58,3.7,71
P00010,Aster & Co. Fashion Essential 010,Fashion,Aster & Co.,4868.04,3163.64,4.6,67
P00011,Mosaic Beauty Studio 011,Beauty,Mosaic,3552.22,2265.41,4.5,40
P00012,Luma Home & Kitchen Everyday 012,Home & Kitchen,Luma,979.63,661.13,4.6,69
P00013,Cedar Lane Sports Max 013,Sports,Cedar Lane,787.31,532.41,3.8,47
P00014,Orbit Grocery Select 014,Grocery,Orbit,522.01,278.18,5.0,44
P00015,Solace Books Classic 015,Books,Solace,591.63,386.94,5.0,59
P00016,Pioneer Accessories Plus 016,Accessories,Pioneer,881.76,590.06,4.6,44
P00017,Northstar Electronics Pro 017,Electronics,Northstar,9172.84,4407.59,4.1,67
P00018,Aster & Co. Fashion Essential 018,Fashion,Aster & Co.,1028.54,637.68,4.9,46
P00019,Mosaic Beauty Studio 019,Beauty,Mosaic,3110.9,2355.34,3.7,30
P00020,Luma Home & Kitchen Everyday 020,Home & Kitchen,Luma,5674.3,3222.93,4.8,36
P00021,Cedar Lane Sports Max 021,Sports,Cedar Lane,1394.74,971.83,3.7,71
P00022,Orbit Grocery Select 022,Grocery,Orbit,608.04,319.15,5.0,68
P00023,Solace Books Classic 023,Books,Solace,128.54,72.41,4.4,21
P00024,Pioneer Accessories Plus 024,Accessories,Pioneer,941.49,476.4,4.1,55
P00025,Northstar Electronics Pro 025,Electronics,Northstar,19141.98,11822.38,4.2,33
P00026,Aster & Co. Fashion Essential 026,Fashion,Aster & Co.,651.57,484.63,3.9,70
P00027,Mosaic Beauty Studio 027,Beauty,Mosaic,1347.24,895.5,4.5,62
P00028,Luma Home & Kitchen Everyday 028,Home & Kitchen,Luma,677.93,439.17,3.6,70
P00029,Cedar Lane Sports Max 029,Sports,Cedar Lane,493.19,321.73,4.0,23
P00030,Orbit Grocery Select 030,Grocery,Orbit,77.24,50.2,3.3,60
P00031,Solace Books Classic 031,Books,Solace,746.34,425.39,4.0,51
P00032,Pioneer Accessories Plus 032,Accessories,Pioneer,1864.05,961.73,4.4,35
P00033,Northstar Electronics Pro 033,Electronics,Northstar,2045.79,1030.04,3.8,40
P00034,Aster & Co. Fashion Essential 034,Fashion,Aster & Co.,1922.88,1278.1,4.2,28
P00035,Mosaic Beauty Studio 035,Beauty,Mosaic,550.79,313.53,4.5,19
P00036,Luma Home & Kitchen Everyday 036,Home & Kitchen,Luma,4262.77,3024.45,4.0,22
P00037,Cedar Lane Sports Max 037,Sports,Cedar Lane,2352.6,1760.63,4.5,46
P00038,Orbit Grocery Select 038,Grocery,Orbit,1655.58,894.71,4.1,59
P00039,Solace Books Classic 039,Books,Solace,966.99,692.19,3.7,56
P00040,Pioneer Accessories Plus 040,Accessories,Pioneer,1463.48,870.22,5.0,56
P00041,Northstar Electronics Pro 041,Electronics,Northstar,7162.94,5370.6,3.8,17
P00042,Aster & Co. Fashion Essential 042,Fashion,Aster & Co.,1178.13,598.81,4.2,21
P00043,Mosaic Beauty Studio 043,Beauty,Mosaic,3207.95,1826.15,4.9,31
P00044,Luma Home & Kitchen Everyday 044,Home & Kitchen,Luma,4351.12,2244.06,4.3,29
P00045,Cedar Lane Sports Max 045,Sports,Cedar Lane,1427.93,758.84,4.2,66
P00046,Orbit Grocery Select 046,Grocery,Orbit,307.51,168.32,4.0,48
P00047,Solace Books Classic 047,Books,Solace,347.24,170.86,4.5,49
P00048,Pioneer Accessories Plus 048,Accessories,Pioneer,236.2,144.18,3.8,16
P00049,Northstar Electronics Pro 049,Electronics,Northstar,6678.16,4266.8,4.6,16
P00050,Aster & Co. Fashion Essential 050,Fashion,Aster & Co.,446.69,321.14,4.4,71
P00051,Mosaic Beauty Studio 051,Beauty,Mosaic,2318.96,1305.52,4.8,25
P00052,Luma Home & Kitchen Everyday 052,Home & Kitchen,Luma,9499.41,7165.36,4.0,58
P00053,Cedar Lane Sports Max 053,Sports,Cedar Lane,3045.85,2092.48,4.7,28
P00054,Orbit Grocery Select 054,Grocery,Orbit,199.04,104.54,4.5,54
P00055,Solace Books Classic 055,Books,Solace,459.89,295.06,4.1,16
P00056,Pioneer Accessories Plus 056,Accessories,Pioneer,4546.34,2408.72,4.0,44
P00057,Northstar Electronics Pro 057,Electronics,Northstar,7252.41,5053.67,4.3,16
P00058,Aster & Co. Fashion Essential 058,Fashion,Aster & Co.,4086.4,2844.26,4.3,27
P00059,Mosaic Beauty Studio 059,Beauty,Mosaic,230.4,124.28,4.4,27
P00060,Luma Home & Kitchen Everyday 060,Home & Kitchen,Luma,602.22,382.04,4.3,67
P00061,Cedar Lane Sports Max 061,Sports,Cedar Lane,1393.27,676.94,4.3,36
P00062,Orbit Grocery Select 062,Grocery,Orbit,1849.05,1191.96,4.0,31
P00063,Solace Books Classic 063,Books,Solace,416.2,257.22,4.2,70
P00064,Pioneer Accessories Plus 064,Accessories,Pioneer,733.13,415.7,3.7,46
P00065,Northstar Electronics Pro 065,Electronics,Northstar,81880.75,51980.88,4.2,53
P00066,Aster & Co. Fashion Essential 066,Fashion,Aster & Co.,684.29,494.15,3.5,15
P00067,Mosaic Beauty Studio 067,Beauty,Mosaic,836.07,487.65,3.9,59
P00068,Luma Home & Kitchen Everyday 068,Home & Kitchen,Luma,1194.63,719.01,4.1,55
P00069,Cedar Lane Sports Max 069,Sports,Cedar Lane,9839.28,7460.38,3.7,47
P00070,Orbit Grocery Select 070,Grocery,Orbit,65.84,40.72,4.9,23
P00071,Solace Books Classic 071,Books,Solace,169.0,92.23,3.7,16
P00072,Pioneer Accessories Plus 072,Accessories,Pioneer,227.17,167.3,5.0,24
P00073,Northstar Electronics Pro 073,Electronics,Northstar,32534.31,18847.95,4.5,42
P00074,Aster & Co. Fashion Essential 074,Fashion,Aster & Co.,2211.57,1672.64,4.2,73
P00075,Mosaic Beauty Studio 075,Beauty,Mosaic,719.16,503.36,4.4,63
P00076,Luma Home & Kitchen Everyday 076,Home & Kitchen,Luma,2261.28,1095.84,4.2,27
P00077,Cedar Lane Sports Max 077,Sports,Cedar Lane,2218.97,1093.8,4.6,45
P00078,Orbit Grocery Select 078,Grocery,Orbit,938.49,563.82,3.5,74
P00079,Solace Books Classic 079,Books,Solace,123.63,63.1,3.4,70
P00080,Pioneer Accessories Plus 080,Accessories,Pioneer,2590.87,1367.47,3.3,39
P00081,Northstar Electronics Pro 081,Electronics,Northstar,27557.69,20079.88,4.2,63
P00082,Aster & Co. Fashion Essential 082,Fashion,Aster & Co.,8998.39,5634.66,4.4,59
P00083,Mosaic Beauty Studio 083,Beauty,Mosaic,669.83,387.77,4.1,29
P00084,Luma Home & Kitchen Everyday 084,Home & Kitchen,Luma,6086.74,3768.7,4.9,40
P00085,Cedar Lane Sports Max 085,Sports,Cedar Lane,479.05,298.37,3.6,70
P00086,Orbit Grocery Select 086,Grocery,Orbit,209.85,101.27,4.2,59
P00087,Solace Books Classic 087,Books,Solace,304.49,194.45,4.3,69
P00088,Pioneer Accessories Plus 088,Accessories,Pioneer,181.42,96.38,4.6,42
P00089,Northstar Electronics Pro 089,Electronics,Northstar,13333.49,9704.55,5.0,26
P00090,Aster & Co. Fashion Essential 090,Fashion,Aster & Co.,1309.04,821.05,3.9,26
P00091,Mosaic Beauty Studio 091,Beauty,Mosaic,235.53,168.55,4.9,32
P00092,Luma Home & Kitchen Everyday 092,Home & Kitchen,Luma,5132.19,3207.73,3.4,37
P00093,Cedar Lane Sports Max 093,Sports,Cedar Lane,959.55,587.95,4.1,38
P00094,Orbit Grocery Select 094,Grocery,Orbit,190.65,138.58,4.3,63
P00095,Solace Books Classic 095,Books,Solace,873.36,593.21,4.2,65
P00096,Pioneer Accessories Plus 096,Accessories,Pioneer,866.54,649.03,4.1,64
P00097,Northstar Electronics Pro 097,Electronics,Northstar,60925.13,44739.7,4.0,22
P00098,Aster & Co. Fashion Essential 098,Fashion,Aster & Co.,4041.76,2538.44,3.9,53
P00099,Mosaic Beauty Studio 099,Beauty,Mosaic,339.49,178.24,4.4,61
P00100,Luma Home & Kitchen Everyday 100,Home & Kitchen,Luma,5629.16,2823.47,4.0,23
P00101,Cedar Lane Sports Max 101,Sports,Cedar Lane,327.78,217.94,3.9,35
P00102,Orbit Grocery Select 102,Grocery,Orbit,174.64,109.05,4.4,43
P00103,Solace Books Classic 103,Books,Solace,195.0,136.03,4.1,38
P00104,Pioneer Accessories Plus 104,Accessories,Pioneer,629.83,456.3,4.7,71
P00105,Northstar Electronics Pro 105,Electronics,Northstar,87879.89,47404.0,5.0,34
P00106,Aster & Co. Fashion Essential 106,Fashion,Aster & Co.,5512.82,3396.23,3.7,20
P00107,Mosaic Beauty Studio 107,Beauty,Mosaic,283.86,207.14,3.8,63
P00108,Luma Home & Kitchen Everyday 108,Home & Kitchen,Luma,4153.71,2028.89,4.3,29
P00109,Cedar Lane Sports Max 109,Sports,Cedar Lane,1721.33,849.62,3.9,41
P00110,Orbit Grocery Select 110,Grocery,Orbit,151.67,112.31,3.8,33
P00111,Solace Books Classic 111,Books,Solace,187.9,130.03,5.0,31
P00112,Pioneer Accessories Plus 112,Accessories,Pioneer,628.03,413.74,4.6,50
P00113,Northstar Electronics Pro 113,Electronics,Northstar,5457.44,3889.5,4.8,57
P00114,Aster & Co. Fashion Essential 114,Fashion,Aster & Co.,718.81,396.14,4.2,51
P00115,Mosaic Beauty Studio 115,Beauty,Mosaic,200.27,99.2,4.1,29
P00116,Luma Home & Kitchen Everyday 116,Home & Kitchen,Luma,5440.93,2725.64,3.2,33
P00117,Cedar Lane Sports Max 117,Sports,Cedar Lane,661.07,478.27,4.5,37
P00118,Orbit Grocery Select 118,Grocery,Orbit,261.1,127.2,4.3,56
P00119,Solace Books Classic 119,Books,Solace,616.82,310.29,3.7,43
P00120,Pioneer Accessories Plus 120,Accessories,Pioneer,822.08,535.76,4.4,15
P00121,Northstar Electronics Pro 121,Electronics,Northstar,5610.52,3057.58,3.9,58
P00122,Aster & Co. Fashion Essential 122,Fashion,Aster & Co.,7577.35,5505.53,5.0,18
P00123,Mosaic Beauty Studio 123,Beauty,Mosaic,227.67,114.61,4.0,41
P00124,Luma Home & Kitchen Everyday 124,Home & Kitchen,Luma,466.12,326.25,4.5,22
P00125,Cedar Lane Sports Max 125,Sports,Cedar Lane,1369.16,814.39,3.9,48
P00126,Orbit Grocery Select 126,Grocery,Orbit,1240.94,767.97,4.4,43
P00127,Solace Books Classic 127,Books,Solace,211.34,146.12,3.7,74
P00128,Pioneer Accessories Plus 128,Accessories,Pioneer,1447.05,1084.87,4.5,51
P00129,Northstar Electronics Pro 129,Electronics,Northstar,4053.62,2696.61,4.7,44
P00130,Aster & Co. Fashion Essential 130,Fashion,Aster & Co.,6725.4,4605.64,3.8,22
P00131,Mosaic Beauty Studio 131,Beauty,Mosaic,242.95,173.92,4.4,63
P00132,Luma Home & Kitchen Everyday 132,Home & Kitchen,Luma,2283.06,1243.46,4.3,70
P00133,Cedar Lane Sports Max 133,Sports,Cedar Lane,1401.66,941.25,4.2,24
P00134,Orbit Grocery Select 134,Grocery,Orbit,270.56,180.7,3.8,38
P00135,Solace Books Classic 135,Books,Solace,1534.16,876.04,3.5,24
P00136,Pioneer Accessories Plus 136,Accessories,Pioneer,4211.94,2326.98,3.9,64
P00137,Northstar Electronics Pro 137,Electronics,Northstar,4435.04,2624.85,3.8,74
P00138,Aster & Co. Fashion Essential 138,Fashion,Aster & Co.,448.61,335.52,4.3,44
P00139,Mosaic Beauty Studio 139,Beauty,Mosaic,860.21,614.76,4.3,16
P00140,Luma Home & Kitchen Everyday 140,Home & Kitchen,Luma,2422.91,1676.92,4.7,50
P00141,Cedar Lane Sports Max 141,Sports,Cedar Lane,6292.78,4418.28,4.4,27
P00142,Orbit Grocery Select 142,Grocery,Orbit,89.57,47.1,3.6,35
P00143,Solace Books Classic 143,Books,Solace,260.52,190.27,4.6,33
P00144,Pioneer Accessories Plus 144,Accessories,Pioneer,447.47,262.98,4.9,18
P00145,Northstar Electronics Pro 145,Electronics,Northstar,9669.95,6802.08,4.4,33
P00146,Aster & Co. Fashion Essential 146,Fashion,Aster & Co.,9461.6,5112.0,4.4,44
P00147,Mosaic Beauty Studio 147,Beauty,Mosaic,4041.11,2500.65,3.7,69
P00148,Luma Home & Kitchen Everyday 148,Home & Kitchen,Luma,409.29,278.53,4.5,47
P00149,Cedar Lane Sports Max 149,Sports,Cedar Lane,9152.76,5896.82,3.8,71
P00150,Orbit Grocery Select 150,Grocery,Orbit,2033.44,1532.97,4.5,55
P00151,Solace Books Classic 151,Books,Solace,1824.65,1248.94,5.0,55
P00152,Pioneer Accessories Plus 152,Accessories,Pioneer,2567.24,1351.97,4.0,73
P00153,Northstar Electronics Pro 153,Electronics,Northstar,2784.61,1901.57,4.7,40
P00154,Aster & Co. Fashion Essential 154,Fashion,Aster & Co.,5737.24,3990.39,4.9,49
P00155,Mosaic Beauty Studio 155,Beauty,Mosaic,1985.46,1254.04,4.5,32
P00156,Luma Home & Kitchen Everyday 156,Home & Kitchen,Luma,2206.39,1589.65,4.2,35
P00157,Cedar Lane Sports Max 157,Sports,Cedar Lane,437.21,263.99,3.4,19
P00158,Orbit Grocery Select 158,Grocery,Orbit,1456.57,942.74,4.0,51
P00159,Solace Books Classic 159,Books,Solace,518.09,323.41,4.3,50
P00160,Pioneer Accessories Plus 160,Accessories,Pioneer,363.69,250.83,4.6,36
P00161,Northstar Electronics Pro 161,Electronics,Northstar,11972.08,9020.29,4.7,18
P00162,Aster & Co. Fashion Essential 162,Fashion,Aster & Co.,7637.34,5197.69,3.4,55
P00163,Mosaic Beauty Studio 163,Beauty,Mosaic,1323.17,852.75,4.1,47
P00164,Luma Home & Kitchen Everyday 164,Home & Kitchen,Luma,2427.26,1205.22,4.4,28
P00165,Cedar Lane Sports Max 165,Sports,Cedar Lane,4092.34,2742.37,4.2,22
P00166,Orbit Grocery Select 166,Grocery,Orbit,274.45,177.0,4.2,52
P00167,Solace Books Classic 167,Books,Solace,1474.72,814.79,4.8,69
P00168,Pioneer Accessories Plus 168,Accessories,Pioneer,6039.85,3253.31,4.3,50
P00169,Northstar Electronics Pro 169,Electronics,Northstar,3178.3,2215.04,4.3,31
P00170,Aster & Co. Fashion Essential 170,Fashion,Aster & Co.,436.0,274.17,4.2,70
P00171,Mosaic Beauty Studio 171,Beauty,Mosaic,889.11,528.0,4.6,27
P00172,Luma Home & Kitchen Everyday 172,Home & Kitchen,Luma,12069.24,6599.57,3.9,45
P00173,Cedar Lane Sports Max 173,Sports,Cedar Lane,3115.98,2287.12,3.3,51
P00174,Orbit Grocery Select 174,Grocery,Orbit,767.82,553.58,4.7,63
P00175,Solace Books Classic 175,Books,Solace,449.16,315.75,4.0,57
P00176,Pioneer Accessories Plus 176,Accessories,Pioneer,2533.09,1792.07,4.6,18
P00177,Northstar Electronics Pro 177,Electronics,Northstar,10372.48,7106.69,4.8,25
P00178,Aster & Co. Fashion Essential 178,Fashion,Aster & Co.,4381.14,3285.74,3.5,32
P00179,Mosaic Beauty Studio 179,Beauty,Mosaic,425.93,274.08,4.2,19
P00180,Luma Home & Kitchen Everyday 180,Home & Kitchen,Luma,15835.87,11692.13,3.6,51
P00181,Cedar Lane Sports Max 181,Sports,Cedar Lane,4070.12,2156.57,5.0,16
P00182,Orbit Grocery Select 182,Grocery,Orbit,267.18,145.31,4.5,63
P00183,Solace Books Classic 183,Books,Solace,229.58,147.3,4.5,57
P00184,Pioneer Accessories Plus 184,Accessories,Pioneer,2940.49,1517.48,3.6,38
P00185,Northstar Electronics Pro 185,Electronics,Northstar,67783.39,42074.3,3.9,46
P00186,Aster & Co. Fashion Essential 186,Fashion,Aster & Co.,742.48,547.78,4.0,69
P00187,Mosaic Beauty Studio 187,Beauty,Mosaic,3674.29,2680.45,4.4,42
P00188,Luma Home & Kitchen Everyday 188,Home & Kitchen,Luma,2442.82,1378.95,4.5,55
P00189,Cedar Lane Sports Max 189,Sports,Cedar Lane,328.95,181.06,4.3,50
P00190,Orbit Grocery Select 190,Grocery,Orbit,169.74,128.99,3.7,72
P00191,Solace Books Classic 191,Books,Solace,1149.59,735.87,4.3,31
P00192,Pioneer Accessories Plus 192,Accessories,Pioneer,594.95,348.01,4.0,15
P00193,Northstar Electronics Pro 193,Electronics,Northstar,2505.2,1387.24,2.9,60
P00194,Aster & Co. Fashion Essential 194,Fashion,Aster & Co.,2445.22,1544.08,3.9,61
P00195,Mosaic Beauty Studio 195,Beauty,Mosaic,2602.07,1569.45,3.6,39
P00196,Luma Home & Kitchen Everyday 196,Home & Kitchen,Luma,351.7,228.78,4.3,70
P00197,Cedar Lane Sports Max 197,Sports,Cedar Lane,1451.23,1001.32,3.8,27
P00198,Orbit Grocery Select 198,Grocery,Orbit,444.29,303.37,4.6,60
P00199,Solace Books Classic 199,Books,Solace,365.99,177.85,4.8,65
P00200,Pioneer Accessories Plus 200,Accessories,Pioneer,462.06,254.2,4.1,43
P00201,Northstar Electronics Pro 201,Electronics,Northstar,17261.31,10787.83,4.2,55
P00202,Aster & Co. Fashion Essential 202,Fashion,Aster & Co.,8915.31,4318.57,4.4,19
P00203,Mosaic Beauty Studio 203,Beauty,Mosaic,198.96,123.66,4.1,16
P00204,Luma Home & Kitchen Everyday 204,Home & Kitchen,Luma,5113.74,2594.19,5.0,54
P00205,Cedar Lane Sports Max 205,Sports,Cedar Lane,3297.48,2452.31,3.2,24
P00206,Orbit Grocery Select 206,Grocery,Orbit,1208.73,905.45,4.6,60
P00207,Solace Books Classic 207,Books,Solace,711.06,446.22,4.2,19
P00208,Pioneer Accessories Plus 208,Accessories,Pioneer,1579.72,758.89,4.0,53
P00209,Northstar Electronics Pro 209,Electronics,Northstar,9190.49,5151.51,4.0,38
P00210,Aster & Co. Fashion Essential 210,Fashion,Aster & Co.,841.76,595.12,5.0,74
P00211,Mosaic Beauty Studio 211,Beauty,Mosaic,1759.57,888.31,4.7,53
P00212,Luma Home & Kitchen Everyday 212,Home & Kitchen,Luma,8665.96,4447.35,4.3,46
P00213,Cedar Lane Sports Max 213,Sports,Cedar Lane,7249.1,4889.74,4.4,59
P00214,Orbit Grocery Select 214,Grocery,Orbit,142.01,71.1,3.9,66
P00215,Solace Books Classic 215,Books,Solace,1174.57,840.17,4.2,36
P00216,Pioneer Accessories Plus 216,Accessories,Pioneer,4359.7,3224.99,3.9,60
P00217,Northstar Electronics Pro 217,Electronics,Northstar,21353.13,15949.99,4.1,19
P00218,Aster & Co. Fashion Essential 218,Fashion,Aster & Co.,7757.52,3833.68,4.7,29
P00219,Mosaic Beauty Studio 219,Beauty,Mosaic,3363.16,2315.27,3.7,49
P00220,Luma Home & Kitchen Everyday 220,Home & Kitchen,Luma,802.04,511.49,2.9,44
P00221,Cedar Lane Sports Max 221,Sports,Cedar Lane,2378.04,1651.76,5.0,47
P00222,Orbit Grocery Select 222,Grocery,Orbit,840.94,603.63,4.4,53
P00223,Solace Books Classic 223,Books,Solace,277.61,194.93,3.7,70
P00224,Pioneer Accessories Plus 224,Accessories,Pioneer,162.47,101.05,4.0,73
P00225,Northstar Electronics Pro 225,Electronics,Northstar,12544.31,7698.28,3.7,60
P00226,Aster & Co. Fashion Essential 226,Fashion,Aster & Co.,4064.79,2390.52,3.8,74
P00227,Mosaic Beauty Studio 227,Beauty,Mosaic,391.66,219.2,4.1,20
P00228,Luma Home & Kitchen Everyday 228,Home & Kitchen,Luma,7171.38,4224.05,4.9,56
P00229,Cedar Lane Sports Max 229,Sports,Cedar Lane,1490.22,1024.36,4.8,69
P00230,Orbit Grocery Select 230,Grocery,Orbit,2432.59,1381.0,3.6,69
P00231,Solace Books Classic 231,Books,Solace,2190.44,1222.9,4.2,38
P00232,Pioneer Accessories Plus 232,Accessories,Pioneer,2812.02,1982.71,4.2,23
P00233,Northstar Electronics Pro 233,Electronics,Northstar,71231.34,38907.19,3.8,54
P00234,Aster & Co. Fashion Essential 234,Fashion,Aster & Co.,4262.75,2106.78,4.6,26
P00235,Mosaic Beauty Studio 235,Beauty,Mosaic,540.33,359.08,4.2,55
P00236,Luma Home & Kitchen Everyday 236,Home & Kitchen,Luma,14601.37,8856.08,4.1,34
P00237,Cedar Lane Sports Max 237,Sports,Cedar Lane,637.95,316.16,4.1,64
P00238,Orbit Grocery Select 238,Grocery,Orbit,61.66,40.79,4.5,66
P00239,Solace Books Classic 239,Books,Solace,662.22,403.14,3.9,60
P00240,Pioneer Accessories Plus 240,Accessories,Pioneer,2055.87,1499.71,4.7,26
P00241,Northstar Electronics Pro 241,Electronics,Northstar,8290.29,5913.94,3.8,58
P00242,Aster & Co. Fashion Essential 242,Fashion,Aster & Co.,8639.28,5187.12,4.3,50
P00243,Mosaic Beauty Studio 243,Beauty,Mosaic,581.77,372.85,4.1,24
P00244,Luma Home & Kitchen Everyday 244,Home & Kitchen,Luma,1081.46,634.95,4.1,58
P00245,Cedar Lane Sports Max 245,Sports,Cedar Lane,3043.07,1557.71,3.7,31
P00246,Orbit Grocery Select 246,Grocery,Orbit,96.43,67.24,4.1,59
P00247,Solace Books Classic 247,Books,Solace,154.32,98.15,4.3,63
P00248,Pioneer Accessories Plus 248,Accessories,Pioneer,1476.35,746.8,4.0,51
P00249,Northstar Electronics Pro 249,Electronics,Northstar,13490.93,6529.69,4.3,47
P00250,Aster & Co. Fashion Essential 250,Fashion,Aster & Co.,1616.83,982.98,4.8,28
P00251,Mosaic Beauty Studio 251,Beauty,Mosaic,2720.56,1900.06,3.6,68
P00252,Luma Home & Kitchen Everyday 252,Home & Kitchen,Luma,1562.49,909.86,5.0,28
P00253,Cedar Lane Sports Max 253,Sports,Cedar Lane,2263.51,1371.96,3.9,18
P00254,Orbit Grocery Select 254,Grocery,Orbit,1472.7,1015.18,4.6,37
P00255,Solace Books Classic 255,Books,Solace,2145.36,1442.52,4.2,45
P00256,Pioneer Accessories Plus 256,Accessories,Pioneer,1628.36,1217.06,4.4,60
P00257,Northstar Electronics Pro 257,Electronics,Northstar,7632.42,3846.8,3.8,39
P00258,Aster & Co. Fashion Essential 258,Fashion,Aster & Co.,7062.78,4091.41,5.0,19
P00259,Mosaic Beauty Studio 259,Beauty,Mosaic,272.24,149.11,3.8,49
P00260,Luma Home & Kitchen Everyday 260,Home & Kitchen,Luma,1647.95,883.76,4.1,38
P00261,Cedar Lane Sports Max 261,Sports,Cedar Lane,7124.26,4600.16,4.5,19
P00262,Orbit Grocery Select 262,Grocery,Orbit,368.54,271.4,4.0,36
P00263,Solace Books Classic 263,Books,Solace,678.48,455.12,4.7,54
P00264,Pioneer Accessories Plus 264,Accessories,Pioneer,1272.56,768.31,4.8,35
P00265,Northstar Electronics Pro 265,Electronics,Northstar,28140.86,15364.62,4.3,39
P00266,Aster & Co. Fashion Essential 266,Fashion,Aster & Co.,3743.68,2315.14,3.3,27
P00267,Mosaic Beauty Studio 267,Beauty,Mosaic,645.76,373.92,4.3,31
P00268,Luma Home & Kitchen Everyday 268,Home & Kitchen,Luma,4750.45,2301.64,4.0,72
P00269,Cedar Lane Sports Max 269,Sports,Cedar Lane,658.95,381.47,4.0,74
P00270,Orbit Grocery Select 270,Grocery,Orbit,161.68,98.37,4.1,72
P00271,Solace Books Classic 271,Books,Solace,291.46,184.44,4.1,66
P00272,Pioneer Accessories Plus 272,Accessories,Pioneer,2512.75,1888.3,5.0,20
P00273,Northstar Electronics Pro 273,Electronics,Northstar,4282.77,2961.37,4.0,69
P00274,Aster & Co. Fashion Essential 274,Fashion,Aster & Co.,410.28,309.67,3.2,17
P00275,Mosaic Beauty Studio 275,Beauty,Mosaic,912.45,478.39,4.1,37
P00276,Luma Home & Kitchen Everyday 276,Home & Kitchen,Luma,1017.16,713.25,3.7,37
P00277,Cedar Lane Sports Max 277,Sports,Cedar Lane,322.08,204.22,3.4,50
P00278,Orbit Grocery Select 278,Grocery,Orbit,193.93,109.41,4.3,73
P00279,Solace Books Classic 279,Books,Solace,1662.74,1097.03,4.0,66
P00280,Pioneer Accessories Plus 280,Accessories,Pioneer,395.27,278.14,4.1,22
P00281,Northstar Electronics Pro 281,Electronics,Northstar,71235.95,53089.05,4.2,45
P00282,Aster & Co. Fashion Essential 282,Fashion,Aster & Co.,7394.61,5200.83,4.6,33
P00283,Mosaic Beauty Studio 283,Beauty,Mosaic,281.22,183.05,4.1,55
P00284,Luma Home & Kitchen Everyday 284,Home & Kitchen,Luma,1694.86,1194.85,4.9,30
P00285,Cedar Lane Sports Max 285,Sports,Cedar Lane,4000.97,2566.44,3.7,19
P00286,Orbit Grocery Select 286,Grocery,Orbit,2195.83,1149.58,4.8,24
P00287,Solace Books Classic 287,Books,Solace,123.24,83.98,4.8,24
P00288,Pioneer Accessories Plus 288,Accessories,Pioneer,4130.13,2437.51,4.4,37
P00289,Northstar Electronics Pro 289,Electronics,Northstar,20060.9,9694.35,3.4,63
P00290,Aster & Co. Fashion Essential 290,Fashion,Aster & Co.,1318.16,943.63,3.6,71
P00291,Mosaic Beauty Studio 291,Beauty,Mosaic,1005.14,551.46,3.6,33
P00292,Luma Home & Kitchen Everyday 292,Home & Kitchen,Luma,282.48,213.88,4.6,53
P00293,Cedar Lane Sports Max 293,Sports,Cedar Lane,809.45,525.54,4.4,29
P00294,Orbit Grocery Select 294,Grocery,Orbit,1393.85,984.32,4.2,54
P00295,Solace Books Classic 295,Books,Solace,184.52,122.58,4.4,29
P00296,Pioneer Accessories Plus 296,Accessories,Pioneer,1290.15,822.8,4.2,70
P00297,Northstar Electronics Pro 297,Electronics,Northstar,56891.1,34665.63,4.0,65
P00298,Aster & Co. Fashion Essential 298,Fashion,Aster & Co.,7403.13,5407.52,4.7,19
P00299,Mosaic Beauty Studio 299,Beauty,Mosaic,544.63,397.59,3.1,33
P00300,Luma Home & Kitchen Everyday 300,Home & Kitchen,Luma,1132.27,754.23,3.7,34
P00301,Cedar Lane Sports Max 301,Sports,Cedar Lane,517.75,313.32,4.9,42
P00302,Orbit Grocery Select 302,Grocery,Orbit,813.15,574.37,4.6,65
P00303,Solace Books Classic 303,Books,Solace,1366.77,792.13,4.8,21
P00304,Pioneer Accessories Plus 304,Accessories,Pioneer,1405.01,679.34,3.8,20
P00305,Northstar Electronics Pro 305,Electronics,Northstar,3782.2,2680.51,4.7,63
P00306,Aster & Co. Fashion Essential 306,Fashion,Aster & Co.,1186.38,572.48,4.6,21
P00307,Mosaic Beauty Studio 307,Beauty,Mosaic,285.37,214.94,4.6,47
P00308,Luma Home & Kitchen Everyday 308,Home & Kitchen,Luma,317.69,157.75,4.7,47
P00309,Cedar Lane Sports Max 309,Sports,Cedar Lane,1043.23,587.44,4.4,19
P00310,Orbit Grocery Select 310,Grocery,Orbit,2014.32,1174.92,4.2,60
P00311,Solace Books Classic 311,Books,Solace,280.75,148.51,4.5,38
P00312,Pioneer Accessories Plus 312,Accessories,Pioneer,205.38,145.72,4.5,64
P00313,Northstar Electronics Pro 313,Electronics,Northstar,14752.3,10247.33,4.8,34
P00314,Aster & Co. Fashion Essential 314,Fashion,Aster & Co.,4335.8,2859.49,3.5,67
P00315,Mosaic Beauty Studio 315,Beauty,Mosaic,276.47,178.78,4.0,53
P00316,Luma Home & Kitchen Everyday 316,Home & Kitchen,Luma,10736.77,6641.8,4.6,67
P00317,Cedar Lane Sports Max 317,Sports,Cedar Lane,4383.11,2525.0,4.1,58
P00318,Orbit Grocery Select 318,Grocery,Orbit,392.23,264.4,4.6,40
P00319,Solace Books Classic 319,Books,Solace,141.0,104.08,3.8,65
P00320,Pioneer Accessories Plus 320,Accessories,Pioneer,209.86,129.88,3.9,29
P00321,Northstar Electronics Pro 321,Electronics,Northstar,24049.24,14852.28,4.4,16
P00322,Aster & Co. Fashion Essential 322,Fashion,Aster & Co.,2231.08,1566.3,3.8,71
P00323,Mosaic Beauty Studio 323,Beauty,Mosaic,197.47,127.14,4.5,59
P00324,Luma Home & Kitchen Everyday 324,Home & Kitchen,Luma,915.92,508.16,4.2,47
P00325,Cedar Lane Sports Max 325,Sports,Cedar Lane,7728.9,4007.74,3.7,38
P00326,Orbit Grocery Select 326,Grocery,Orbit,336.02,198.69,4.6,56
P00327,Solace Books Classic 327,Books,Solace,966.97,586.65,3.5,25
P00328,Pioneer Accessories Plus 328,Accessories,Pioneer,6055.27,4065.46,3.6,56
P00329,Northstar Electronics Pro 329,Electronics,Northstar,4284.36,2762.73,4.3,54
P00330,Aster & Co. Fashion Essential 330,Fashion,Aster & Co.,961.23,509.55,4.0,42
P00331,Mosaic Beauty Studio 331,Beauty,Mosaic,189.79,100.13,4.5,74
P00332,Luma Home & Kitchen Everyday 332,Home & Kitchen,Luma,13769.78,6988.12,3.6,34
P00333,Cedar Lane Sports Max 333,Sports,Cedar Lane,2111.53,1388.84,3.6,58
P00334,Orbit Grocery Select 334,Grocery,Orbit,717.53,386.87,3.9,38
P00335,Solace Books Classic 335,Books,Solace,567.98,285.41,3.9,65
P00336,Pioneer Accessories Plus 336,Accessories,Pioneer,2488.04,1475.57,4.3,23
P00337,Northstar Electronics Pro 337,Electronics,Northstar,19533.4,11414.9,4.7,44
P00338,Aster & Co. Fashion Essential 338,Fashion,Aster & Co.,2977.07,1555.74,4.5,60
P00339,Mosaic Beauty Studio 339,Beauty,Mosaic,594.22,402.32,4.6,52
P00340,Luma Home & Kitchen Everyday 340,Home & Kitchen,Luma,7462.28,4380.81,3.9,23
P00341,Cedar Lane Sports Max 341,Sports,Cedar Lane,442.0,222.63,4.0,32
P00342,Orbit Grocery Select 342,Grocery,Orbit,2234.62,1488.34,4.4,42
P00343,Solace Books Classic 343,Books,Solace,875.57,423.41,3.3,59
P00344,Pioneer Accessories Plus 344,Accessories,Pioneer,1941.91,1451.59,4.7,33
P00345,Northstar Electronics Pro 345,Electronics,Northstar,15784.96,7885.38,4.3,57
P00346,Aster & Co. Fashion Essential 346,Fashion,Aster & Co.,477.73,267.82,4.1,31
P00347,Mosaic Beauty Studio 347,Beauty,Mosaic,474.07,271.28,3.6,66
P00348,Luma Home & Kitchen Everyday 348,Home & Kitchen,Luma,993.56,616.67,4.4,60
P00349,Cedar Lane Sports Max 349,Sports,Cedar Lane,4317.45,2234.3,4.2,65
P00350,Orbit Grocery Select 350,Grocery,Orbit,535.98,399.12,3.8,20
P00351,Solace Books Classic 351,Books,Solace,1141.94,673.28,4.4,48
P00352,Pioneer Accessories Plus 352,Accessories,Pioneer,307.6,185.99,5.0,45
P00353,Northstar Electronics Pro 353,Electronics,Northstar,36712.93,25989.54,4.1,24
P00354,Aster & Co. Fashion Essential 354,Fashion,Aster & Co.,7163.38,5235.86,3.7,44
P00355,Mosaic Beauty Studio 355,Beauty,Mosaic,254.16,147.95,4.6,28
P00356,Luma Home & Kitchen Everyday 356,Home & Kitchen,Luma,556.85,401.56,4.1,48
P00357,Cedar Lane Sports Max 357,Sports,Cedar Lane,481.88,341.96,4.2,53
P00358,Orbit Grocery Select 358,Grocery,Orbit,423.04,267.05,4.7,36
P00359,Solace Books Classic 359,Books,Solace,878.96,489.25,3.9,49
P00360,Pioneer Accessories Plus 360,Accessories,Pioneer,571.57,403.57,4.4,21
P00361,Northstar Electronics Pro 361,Electronics,Northstar,42735.58,24281.25,4.8,15
P00362,Aster & Co. Fashion Essential 362,Fashion,Aster & Co.,544.02,323.4,3.7,19
P00363,Mosaic Beauty Studio 363,Beauty,Mosaic,1695.34,918.37,4.5,58
P00364,Luma Home & Kitchen Everyday 364,Home & Kitchen,Luma,3883.61,2894.16,4.1,17
P00365,Cedar Lane Sports Max 365,Sports,Cedar Lane,4868.61,2854.64,4.4,43
P00366,Orbit Grocery Select 366,Grocery,Orbit,848.44,468.7,3.6,44
P00367,Solace Books Classic 367,Books,Solace,236.83,135.95,4.3,57
P00368,Pioneer Accessories Plus 368,Accessories,Pioneer,337.89,219.34,4.4,41
P00369,Northstar Electronics Pro 369,Electronics,Northstar,4387.27,3053.9,4.3,63
P00370,Aster & Co. Fashion Essential 370,Fashion,Aster & Co.,6096.1,4541.99,4.5,72
P00371,Mosaic Beauty Studio 371,Beauty,Mosaic,3124.77,2360.59,4.7,45
P00372,Luma Home & Kitchen Everyday 372,Home & Kitchen,Luma,440.55,326.21,3.8,36
P00373,Cedar Lane Sports Max 373,Sports,Cedar Lane,7305.82,5543.33,5.0,65
P00374,Orbit Grocery Select 374,Grocery,Orbit,714.05,511.68,3.9,32
P00375,Solace Books Classic 375,Books,Solace,1538.6,1048.17,3.9,32
P00376,Pioneer Accessories Plus 376,Accessories,Pioneer,4636.57,2464.65,3.6,35
P00377,Northstar Electronics Pro 377,Electronics,Northstar,68689.91,43592.67,4.1,34
P00378,Aster & Co. Fashion Essential 378,Fashion,Aster & Co.,2432.01,1354.87,4.3,72
P00379,Mosaic Beauty Studio 379,Beauty,Mosaic,2431.79,1806.18,4.0,58
P00380,Luma Home & Kitchen Everyday 380,Home & Kitchen,Luma,3229.71,2009.73,4.1,28
P00381,Cedar Lane Sports Max 381,Sports,Cedar Lane,316.31,174.62,4.3,56
P00382,Orbit Grocery Select 382,Grocery,Orbit,246.37,149.22,3.9,20
P00383,Solace Books Classic 383,Books,Solace,544.03,330.26,4.1,50
P00384,Pioneer Accessories Plus 384,Accessories,Pioneer,501.59,261.62,4.1,29
P00385,Northstar Electronics Pro 385,Electronics,Northstar,8749.64,4764.83,4.2,69
P00386,Aster & Co. Fashion Essential 386,Fashion,Aster & Co.,1158.96,680.39,4.1,62
P00387,Mosaic Beauty Studio 387,Beauty,Mosaic,2023.97,1377.49,5.0,16
P00388,Luma Home & Kitchen Everyday 388,Home & Kitchen,Luma,9892.01,6484.63,3.7,18
P00389,Cedar Lane Sports Max 389,Sports,Cedar Lane,585.12,300.02,4.0,19
P00390,Orbit Grocery Select 390,Grocery,Orbit,2151.74,1488.48,3.7,33
P00391,Solace Books Classic 391,Books,Solace,742.53,427.38,3.8,16
P00392,Pioneer Accessories Plus 392,Accessories,Pioneer,2343.95,1312.98,4.3,53
P00393,Northstar Electronics Pro 393,Electronics,Northstar,9061.45,6168.48,4.4,45
P00394,Aster & Co. Fashion Essential 394,Fashion,Aster & Co.,1592.29,1157.36,4.2,33
P00395,Mosaic Beauty Studio 395,Beauty,Mosaic,1538.36,1118.91,4.2,69
P00396,Luma Home & Kitchen Everyday 396,Home & Kitchen,Luma,4068.64,2000.33,4.3,21
P00397,Cedar Lane Sports Max 397,Sports,Cedar Lane,7832.61,5326.16,3.4,48
P00398,Orbit Grocery Select 398,Grocery,Orbit,509.63,360.07,4.5,56
P00399,Solace Books Classic 399,Books,Solace,1324.23,906.17,3.6,73
P00400,Pioneer Accessories Plus 400,Accessories,Pioneer,188.92,105.8,4.0,43
P00401,Northstar Electronics Pro 401,Electronics,Northstar,11237.44,6429.98,3.3,24
P00402,Aster & Co. Fashion Essential 402,Fashion,Aster & Co.,418.67,255.23,4.2,66
P00403,Mosaic Beauty Studio 403,Beauty,Mosaic,327.95,199.42,3.8,69
P00404,Luma Home & Kitchen Everyday 404,Home & Kitchen,Luma,310.31,154.23,3.8,66
P00405,Cedar Lane Sports Max 405,Sports,Cedar Lane,4085.07,2959.71,4.2,50
P00406,Orbit Grocery Select 406,Grocery,Orbit,732.43,546.95,4.5,72
P00407,Solace Books Classic 407,Books,Solace,1622.94,792.96,4.2,38
P00408,Pioneer Accessories Plus 408,Accessories,Pioneer,256.86,129.31,3.6,54
P00409,Northstar Electronics Pro 409,Electronics,Northstar,9193.86,4830.96,3.6,42
P00410,Aster & Co. Fashion Essential 410,Fashion,Aster & Co.,467.9,342.58,3.9,21
P00411,Mosaic Beauty Studio 411,Beauty,Mosaic,1345.46,1015.03,3.8,24
P00412,Luma Home & Kitchen Everyday 412,Home & Kitchen,Luma,4084.36,2472.14,4.5,70
P00413,Cedar Lane Sports Max 413,Sports,Cedar Lane,1474.97,787.47,4.5,17
P00414,Orbit Grocery Select 414,Grocery,Orbit,235.82,168.51,3.9,70
P00415,Solace Books Classic 415,Books,Solace,145.86,92.74,4.6,67
P00416,Pioneer Accessories Plus 416,Accessories,Pioneer,656.73,462.25,5.0,58
P00417,Northstar Electronics Pro 417,Electronics,Northstar,1996.16,1026.91,4.4,35
P00418,Aster & Co. Fashion Essential 418,Fashion,Aster & Co.,2444.95,1440.73,5.0,31
P00419,Mosaic Beauty Studio 419,Beauty,Mosaic,297.07,192.0,2.9,20
P00420,Luma Home & Kitchen Everyday 420,Home & Kitchen,Luma,8680.78,6159.51,4.4,72
P00421,Cedar Lane Sports Max 421,Sports,Cedar Lane,1586.91,763.18,3.9,39
P00422,Orbit Grocery Select 422,Grocery,Orbit,296.76,162.06,3.9,30
P00423,Solace Books Classic 423,Books,Solace,1950.44,1245.61,3.8,40
P00424,Pioneer Accessories Plus 424,Accessories,Pioneer,948.05,679.87,3.9,61
P00425,Northstar Electronics Pro 425,Electronics,Northstar,1969.3,1215.08,4.5,53
P00426,Aster & Co. Fashion Essential 426,Fashion,Aster & Co.,1186.9,835.19,3.5,38
P00427,Mosaic Beauty Studio 427,Beauty,Mosaic,1146.53,700.05,4.6,50
P00428,Luma Home & Kitchen Everyday 428,Home & Kitchen,Luma,331.9,233.45,4.1,63
P00429,Cedar Lane Sports Max 429,Sports,Cedar Lane,3415.44,1703.04,4.4,71
P00430,Orbit Grocery Select 430,Grocery,Orbit,1484.16,902.01,5.0,71
P00431,Solace Books Classic 431,Books,Solace,230.47,129.37,3.8,41
P00432,Pioneer Accessories Plus 432,Accessories,Pioneer,511.35,252.47,4.5,19
P00433,Northstar Electronics Pro 433,Electronics,Northstar,53622.16,35943.8,4.3,20
P00434,Aster & Co. Fashion Essential 434,Fashion,Aster & Co.,990.12,659.8,4.2,55
P00435,Mosaic Beauty Studio 435,Beauty,Mosaic,3333.91,1983.8,4.2,17
P00436,Luma Home & Kitchen Everyday 436,Home & Kitchen,Luma,625.02,398.6,3.9,59
P00437,Cedar Lane Sports Max 437,Sports,Cedar Lane,647.42,400.94,4.2,21
P00438,Orbit Grocery Select 438,Grocery,Orbit,190.8,112.24,4.6,16
P00439,Solace Books Classic 439,Books,Solace,966.09,524.67,4.5,39
P00440,Pioneer Accessories Plus 440,Accessories,Pioneer,4948.64,2618.83,4.9,64
P00441,Northstar Electronics Pro 441,Electronics,Northstar,5220.95,3004.98,4.1,28
P00442,Aster & Co. Fashion Essential 442,Fashion,Aster & Co.,1660.56,820.66,4.6,57
P00443,Mosaic Beauty Studio 443,Beauty,Mosaic,395.01,275.01,4.2,62
P00444,Luma Home & Kitchen Everyday 444,Home & Kitchen,Luma,3777.5,1903.18,4.9,20
P00445,Cedar Lane Sports Max 445,Sports,Cedar Lane,580.2,381.23,3.4,15
P00446,Orbit Grocery Select 446,Grocery,Orbit,812.45,390.7,4.2,19
P00447,Solace Books Classic 447,Books,Solace,1661.57,895.2,3.5,53
P00448,Pioneer Accessories Plus 448,Accessories,Pioneer,466.32,301.9,4.3,58
P00449,Northstar Electronics Pro 449,Electronics,Northstar,6329.61,3558.71,4.4,60
P00450,Aster & Co. Fashion Essential 450,Fashion,Aster & Co.,3338.26,2423.01,4.6,52
P00451,Mosaic Beauty Studio 451,Beauty,Mosaic,249.79,164.5,3.7,53
P00452,Luma Home & Kitchen Everyday 452,Home & Kitchen,Luma,8573.01,5384.54,4.6,34
P00453,Cedar Lane Sports Max 453,Sports,Cedar Lane,609.43,418.83,5.0,17
P00454,Orbit Grocery Select 454,Grocery,Orbit,883.47,451.15,4.0,55
P00455,Solace Books Classic 455,Books,Solace,469.38,327.98,4.7,39
P00456,Pioneer Accessories Plus 456,Accessories,Pioneer,5418.19,2817.53,3.6,27
P00457,Northstar Electronics Pro 457,Electronics,Northstar,8960.17,6500.29,4.0,38
P00458,Aster & Co. Fashion Essential 458,Fashion,Aster & Co.,8054.25,5446.75,3.3,59
P00459,Mosaic Beauty Studio 459,Beauty,Mosaic,3786.43,2668.33,4.7,56
P00460,Luma Home & Kitchen Everyday 460,Home & Kitchen,Luma,6266.59,4598.56,4.3,31
P00461,Cedar Lane Sports Max 461,Sports,Cedar Lane,1234.7,931.53,3.8,29
P00462,Orbit Grocery Select 462,Grocery,Orbit,2170.74,1418.33,4.7,34
P00463,Solace Books Classic 463,Books,Solace,614.07,466.39,4.0,24
P00464,Pioneer Accessories Plus 464,Accessories,Pioneer,383.76,213.06,3.7,33
P00465,Northstar Electronics Pro 465,Electronics,Northstar,3840.5,2169.78,4.0,55
P00466,Aster & Co. Fashion Essential 466,Fashion,Aster & Co.,732.93,523.42,4.0,46
P00467,Mosaic Beauty Studio 467,Beauty,Mosaic,292.07,191.48,4.7,21
P00468,Luma Home & Kitchen Everyday 468,Home & Kitchen,Luma,7038.98,3985.8,3.5,16
P00469,Cedar Lane Sports Max 469,Sports,Cedar Lane,1552.59,1177.33,5.0,68
P00470,Orbit Grocery Select 470,Grocery,Orbit,800.15,607.46,3.9,74
P00471,Solace Books Classic 471,Books,Solace,282.58,144.98,3.8,66
P00472,Pioneer Accessories Plus 472,Accessories,Pioneer,382.07,241.55,4.2,32
P00473,Northstar Electronics Pro 473,Electronics,Northstar,15195.53,7358.57,4.5,29
P00474,Aster & Co. Fashion Essential 474,Fashion,Aster & Co.,1691.77,913.21,4.9,52
P00475,Mosaic Beauty Studio 475,Beauty,Mosaic,692.56,334.57,3.7,15
P00476,Luma Home & Kitchen Everyday 476,Home & Kitchen,Luma,510.84,358.66,4.1,66
P00477,Cedar Lane Sports Max 477,Sports,Cedar Lane,794.43,509.17,3.9,36
P00478,Orbit Grocery Select 478,Grocery,Orbit,1246.33,750.73,4.5,33
P00479,Solace Books Classic 479,Books,Solace,265.58,145.15,4.6,30
P00480,Pioneer Accessories Plus 480,Accessories,Pioneer,3009.39,1644.14,3.7,63
P00481,Northstar Electronics Pro 481,Electronics,Northstar,6609.77,3916.84,4.6,74
P00482,Aster & Co. Fashion Essential 482,Fashion,Aster & Co.,4050.17,2292.39,4.6,25
P00483,Mosaic Beauty Studio 483,Beauty,Mosaic,967.08,473.22,4.0,17
P00484,Luma Home & Kitchen Everyday 484,Home & Kitchen,Luma,1471.11,885.86,4.1,25
P00485,Cedar Lane Sports Max 485,Sports,Cedar Lane,8499.66,4748.62,3.6,55
P00486,Orbit Grocery Select 486,Grocery,Orbit,536.21,385.34,3.8,30
P00487,Solace Books Classic 487,Books,Solace,408.3,256.06,4.4,42
P00488,Pioneer Accessories Plus 488,Accessories,Pioneer,6485.1,4578.42,4.3,50
P00489,Northstar Electronics Pro 489,Electronics,Northstar,3980.51,2029.91,4.2,15
P00490,Aster & Co. Fashion Essential 490,Fashion,Aster & Co.,4426.39,2704.79,4.1,59
P00491,Mosaic Beauty Studio 491,Beauty,Mosaic,1091.13,678.39,3.9,65
P00492,Luma Home & Kitchen Everyday 492,Home & Kitchen,Luma,4007.18,2073.45,4.3,38
P00493,Cedar Lane Sports Max 493,Sports,Cedar Lane,686.86,471.95,4.3,39
P00494,Orbit Grocery Select 494,Grocery,Orbit,266.11,159.65,3.4,53
P00495,Solace Books Classic 495,Books,Solace,417.45,317.08,4.2,50
P00496,Pioneer Accessories Plus 496,Accessories,Pioneer,3143.54,1564.73,3.8,56
P00497,Northstar Electronics Pro 497,Electronics,Northstar,40340.19,26816.43,3.8,38
P00498,Aster & Co. Fashion Essential 498,Fashion,Aster & Co.,470.73,347.41,4.1,18
P00499,Mosaic Beauty Studio 499,Beauty,Mosaic,3535.51,2168.2,4.1,65
P00500,Luma Home & Kitchen Everyday 500,Home & Kitchen,Luma,1824.55,966.8,4.9,63
P00501,Cedar Lane Sports Max 501,Sports,Cedar Lane,644.56,472.61,5.0,53
P00502,Orbit Grocery Select 502,Grocery,Orbit,217.94,154.17,4.0,22
P00503,Solace Books Classic 503,Books,Solace,121.12,64.43,4.4,28
P00504,Pioneer Accessories Plus 504,Accessories,Pioneer,289.9,156.47,4.2,43
P00505,Northstar Electronics Pro 505,Electronics,Northstar,16961.72,9098.57,3.4,62
P00506,Aster & Co. Fashion Essential 506,Fashion,Aster & Co.,2702.38,1475.35,4.2,73
P00507,Mosaic Beauty Studio 507,Beauty,Mosaic,817.55,441.18,4.2,18
P00508,Luma Home & Kitchen Everyday 508,Home & Kitchen,Luma,2750.87,1880.16,4.3,62
P00509,Cedar Lane Sports Max 509,Sports,Cedar Lane,693.02,450.59,4.5,45
P00510,Orbit Grocery Select 510,Grocery,Orbit,1436.91,1080.4,4.3,31
P00511,Solace Books Classic 511,Books,Solace,1631.89,1054.47,4.2,37
P00512,Pioneer Accessories Plus 512,Accessories,Pioneer,2332.66,1213.98,4.4,65
P00513,Northstar Electronics Pro 513,Electronics,Northstar,71376.29,41721.36,3.6,65
P00514,Aster & Co. Fashion Essential 514,Fashion,Aster & Co.,1848.28,1026.15,3.9,39
P00515,Mosaic Beauty Studio 515,Beauty,Mosaic,3470.15,2317.63,3.2,39
P00516,Luma Home & Kitchen Everyday 516,Home & Kitchen,Luma,1002.54,706.08,4.8,56
P00517,Cedar Lane Sports Max 517,Sports,Cedar Lane,11946.78,7019.75,4.0,21
P00518,Orbit Grocery Select 518,Grocery,Orbit,187.0,113.05,4.8,56
P00519,Solace Books Classic 519,Books,Solace,128.6,82.89,4.6,74
P00520,Pioneer Accessories Plus 520,Accessories,Pioneer,606.95,297.8,3.9,35
P00521,Northstar Electronics Pro 521,Electronics,Northstar,32141.29,19845.95,3.4,17
P00522,Aster & Co. Fashion Essential 522,Fashion,Aster & Co.,1719.6,1052.72,4.7,22
P00523,Mosaic Beauty Studio 523,Beauty,Mosaic,1154.41,666.94,4.1,53
P00524,Luma Home & Kitchen Everyday 524,Home & Kitchen,Luma,3586.9,1756.02,3.5,34
P00525,Cedar Lane Sports Max 525,Sports,Cedar Lane,5789.15,3371.66,4.1,30
P00526,Orbit Grocery Select 526,Grocery,Orbit,639.69,442.01,4.2,57
P00527,Solace Books Classic 527,Books,Solace,633.06,372.21,4.6,67
P00528,Pioneer Accessories Plus 528,Accessories,Pioneer,1007.74,710.8,3.2,53
P00529,Northstar Electronics Pro 529,Electronics,Northstar,8900.55,4919.74,4.0,45
P00530,Aster & Co. Fashion Essential 530,Fashion,Aster & Co.,442.82,331.44,3.5,43
P00531,Mosaic Beauty Studio 531,Beauty,Mosaic,2612.89,1612.13,4.2,31
P00532,Luma Home & Kitchen Everyday 532,Home & Kitchen,Luma,17089.66,11818.13,4.7,58
P00533,Cedar Lane Sports Max 533,Sports,Cedar Lane,5752.76,3493.77,4.2,20
P00534,Orbit Grocery Select 534,Grocery,Orbit,1757.99,1083.72,3.4,30
P00535,Solace Books Classic 535,Books,Solace,432.94,208.76,3.8,24
P00536,Pioneer Accessories Plus 536,Accessories,Pioneer,253.23,170.2,5.0,31
P00537,Northstar Electronics Pro 537,Electronics,Northstar,4736.01,2335.84,4.4,67
P00538,Aster & Co. Fashion Essential 538,Fashion,Aster & Co.,533.84,373.2,4.3,56
P00539,Mosaic Beauty Studio 539,Beauty,Mosaic,2133.53,1536.37,4.0,35
P00540,Luma Home & Kitchen Everyday 540,Home & Kitchen,Luma,6679.68,4996.0,3.9,43
P00541,Cedar Lane Sports Max 541,Sports,Cedar Lane,3356.24,2509.2,4.2,49
P00542,Orbit Grocery Select 542,Grocery,Orbit,845.29,496.87,4.9,51
P00543,Solace Books Classic 543,Books,Solace,443.5,221.57,4.2,31
P00544,Pioneer Accessories Plus 544,Accessories,Pioneer,2233.72,1630.77,4.0,15
P00545,Northstar Electronics Pro 545,Electronics,Northstar,58415.48,32080.85,4.3,64
P00546,Aster & Co. Fashion Essential 546,Fashion,Aster & Co.,1504.22,1075.62,4.0,34
P00547,Mosaic Beauty Studio 547,Beauty,Mosaic,234.46,126.38,4.8,57
P00548,Luma Home & Kitchen Everyday 548,Home & Kitchen,Luma,3354.03,1744.39,4.0,44
P00549,Cedar Lane Sports Max 549,Sports,Cedar Lane,975.59,481.26,5.0,65
P00550,Orbit Grocery Select 550,Grocery,Orbit,519.45,293.9,3.9,50
P00551,Solace Books Classic 551,Books,Solace,311.48,190.6,4.4,52
P00552,Pioneer Accessories Plus 552,Accessories,Pioneer,801.47,424.89,4.8,53
P00553,Northstar Electronics Pro 553,Electronics,Northstar,34667.27,19435.32,4.4,69
P00554,Aster & Co. Fashion Essential 554,Fashion,Aster & Co.,558.21,399.8,4.1,23
P00555,Mosaic Beauty Studio 555,Beauty,Mosaic,285.28,209.41,4.7,26
P00556,Luma Home & Kitchen Everyday 556,Home & Kitchen,Luma,1214.87,658.77,4.7,48
P00557,Cedar Lane Sports Max 557,Sports,Cedar Lane,3912.61,2101.13,4.2,28
P00558,Orbit Grocery Select 558,Grocery,Orbit,909.52,456.35,4.2,73
P00559,Solace Books Classic 559,Books,Solace,169.38,109.11,4.2,65
P00560,Pioneer Accessories Plus 560,Accessories,Pioneer,167.12,110.18,3.6,33
P00561,Northstar Electronics Pro 561,Electronics,Northstar,16088.26,8203.51,3.8,22
P00562,Aster & Co. Fashion Essential 562,Fashion,Aster & Co.,6945.23,5214.82,5.0,70
P00563,Mosaic Beauty Studio 563,Beauty,Mosaic,1678.17,888.27,3.3,21
P00564,Luma Home & Kitchen Everyday 564,Home & Kitchen,Luma,1295.59,962.85,4.0,28
P00565,Cedar Lane Sports Max 565,Sports,Cedar Lane,9571.34,5029.03,4.5,27
P00566,Orbit Grocery Select 566,Grocery,Orbit,783.14,391.89,4.6,18
P00567,Solace Books Classic 567,Books,Solace,429.21,243.01,3.1,66
P00568,Pioneer Accessories Plus 568,Accessories,Pioneer,571.32,308.37,3.8,53
P00569,Northstar Electronics Pro 569,Electronics,Northstar,22762.79,17186.9,4.5,27
P00570,Aster & Co. Fashion Essential 570,Fashion,Aster & Co.,8048.76,5932.64,4.4,72
P00571,Mosaic Beauty Studio 571,Beauty,Mosaic,2126.76,1310.18,3.8,33
P00572,Luma Home & Kitchen Everyday 572,Home & Kitchen,Luma,6494.5,3411.01,4.0,30
P00573,Cedar Lane Sports Max 573,Sports,Cedar Lane,1449.34,756.48,4.1,42
P00574,Orbit Grocery Select 574,Grocery,Orbit,852.53,608.91,4.3,57
P00575,Solace Books Classic 575,Books,Solace,253.09,174.19,4.3,24
P00576,Pioneer Accessories Plus 576,Accessories,Pioneer,160.79,78.85,4.6,55
P00577,Northstar Electronics Pro 577,Electronics,Northstar,30439.56,17158.64,4.7,68
P00578,Aster & Co. Fashion Essential 578,Fashion,Aster & Co.,2212.57,1541.66,4.4,33
P00579,Mosaic Beauty Studio 579,Beauty,Mosaic,565.12,327.11,4.0,42
P00580,Luma Home & Kitchen Everyday 580,Home & Kitchen,Luma,3527.12,2438.0,4.4,27
P00581,Cedar Lane Sports Max 581,Sports,Cedar Lane,1152.59,567.49,4.4,17
P00582,Orbit Grocery Select 582,Grocery,Orbit,774.55,489.23,5.0,45
P00583,Solace Books Classic 583,Books,Solace,1402.29,718.84,3.7,17
P00584,Pioneer Accessories Plus 584,Accessories,Pioneer,859.28,478.69,4.0,56
P00585,Northstar Electronics Pro 585,Electronics,Northstar,34140.13,16547.45,4.1,33
P00586,Aster & Co. Fashion Essential 586,Fashion,Aster & Co.,3775.36,1987.99,4.5,74
P00587,Mosaic Beauty Studio 587,Beauty,Mosaic,1424.53,995.71,4.1,26
P00588,Luma Home & Kitchen Everyday 588,Home & Kitchen,Luma,4549.62,2483.05,3.7,71
P00589,Cedar Lane Sports Max 589,Sports,Cedar Lane,576.58,278.33,4.6,60
P00590,Orbit Grocery Select 590,Grocery,Orbit,1544.03,1004.52,3.8,24
P00591,Solace Books Classic 591,Books,Solace,543.92,404.63,4.3,53
P00592,Pioneer Accessories Plus 592,Accessories,Pioneer,291.8,152.15,4.3,39
P00593,Northstar Electronics Pro 593,Electronics,Northstar,15717.98,10049.32,4.1,67
P00594,Aster & Co. Fashion Essential 594,Fashion,Aster & Co.,570.33,365.98,4.6,59
P00595,Mosaic Beauty Studio 595,Beauty,Mosaic,1215.0,847.67,4.1,39
P00596,Luma Home & Kitchen Everyday 596,Home & Kitchen,Luma,16884.82,9752.02,4.7,21
P00597,Cedar Lane Sports Max 597,Sports,Cedar Lane,2476.03,1271.83,4.6,61
P00598,Orbit Grocery Select 598,Grocery,Orbit,61.75,44.97,5.0,47
P00599,Solace Books Classic 599,Books,Solace,636.27,425.36,4.5,53
P00600,Pioneer Accessories Plus 600,Accessories,Pioneer,2827.62,1881.8,3.8,69
