customer_id,Recency,Frequency,Monetary,R_Score,F_Score,M_Score,RFM_Score,Segment
C00001,182,3,122319.47,1,2,3,6,Potential Loyalists
C00002,45,7,26062.47,3,3,2,8,Loyal Customers
C00003,210,4,29481.76,1,2,2,5,At Risk
C00004,58,8,31475.989999999998,3,3,2,8,Loyal Customers
C00005,7,8,61492.89,4,3,3,10,Champions
C00006,42,2,8394.65,3,1,1,5,At Risk
C00007,344,1,9527.13,1,1,1,3,Lost / Inactive
C00008,40,13,165474.68,3,4,4,11,Champions
C00010,15,11,164847.77,4,4,4,12,Champions
C00011,116,6,29079.050000000003,2,3,2,7,Potential Loyalists
C00012,22,22,254143.69,4,4,4,12,Champions
C00013,55,5,12772.48,3,3,2,8,Loyal Customers
C00014,13,3,24556.309999999998,4,2,2,8,Loyal Customers
C00015,113,13,233552.83000000002,2,4,4,10,Champions
C00016,56,12,97157.23999999999,3,4,3,10,Champions
C00017,3,10,87024.40000000001,4,4,3,11,Champions
C00018,175,1,154806.84,1,1,4,6,Potential Loyalists
C00019,187,3,22779.6,1,2,2,5,At Risk
C00020,55,8,60920.380000000005,3,3,3,9,Loyal Customers
C00021,70,3,8503.24,2,2,1,5,At Risk
C00023,369,3,24964.42,1,2,2,5,At Risk
C00024,13,4,12131.6,4,2,2,8,Loyal Customers
C00025,9,5,38483.47,4,3,3,10,Champions
C00026,307,1,12337.4,1,1,2,4,At Risk
C00027,64,2,2010.8899999999999,3,1,1,5,At Risk
C00028,76,9,85324.33,2,4,3,9,Loyal Customers
C00029,36,5,76772.06,3,3,3,9,Loyal Customers
C00030,81,3,31207.9,2,2,2,6,Potential Loyalists
C00031,39,3,6340.83,3,2,1,6,Potential Loyalists
C00032,9,4,103941.48000000001,4,2,3,9,Loyal Customers
C00033,10,8,24352.5,4,3,2,9,Loyal Customers
C00034,3,4,41245.67,4,2,3,9,Loyal Customers
C00035,35,4,42946.189999999995,3,2,3,8,Loyal Customers
C00036,235,3,25613.92,1,2,2,5,At Risk
C00037,49,9,241376.55000000002,3,4,4,11,Champions
C00038,164,2,13820.68,2,1,2,5,At Risk
C00039,75,2,4761.1,2,1,1,4,At Risk
C00040,110,1,25106.45,2,1,2,5,At Risk
C00043,85,3,15834.44,2,2,2,6,Potential Loyalists
C00044,216,1,15421.75,1,1,2,4,At Risk
C00045,341,1,27685.1,1,1,2,4,At Risk
C00046,57,1,1872.92,3,1,1,5,At Risk
C00047,44,1,3175.71,3,1,1,5,At Risk
C00048,85,3,316909.79,2,2,4,8,Loyal Customers
C00050,304,1,3098.49,1,1,1,3,Lost / Inactive
C00051,2,7,121251.62,4,3,3,10,Champions
C00052,209,3,25010.77,1,2,2,5,At Risk
C00053,88,4,14971.03,2,2,2,6,Potential Loyalists
C00055,100,5,112791.47000000002,2,3,3,8,Loyal Customers
C00057,312,1,882.78,1,1,1,3,Lost / Inactive
C00058,15,9,145660.66,4,4,4,12,Champions
C00059,34,25,185606.91,3,4,4,11,Champions
C00060,7,1,2206.95,4,1,1,6,Potential Loyalists
C00062,30,17,328050.79,3,4,4,11,Champions
C00063,136,2,5664.01,2,1,1,4,At Risk
C00064,8,12,224721.79,4,4,4,12,Champions
C00066,11,1,5379.1,4,1,1,6,Potential Loyalists
C00067,79,4,156666.24000000002,2,2,4,8,Loyal Customers
C00068,20,30,187441.29,4,4,4,12,Champions
C00069,21,13,60847.67,4,4,3,11,Champions
C00070,226,1,9253.05,1,1,1,3,Lost / Inactive
C00071,19,5,26226.37,4,3,2,9,Loyal Customers
C00072,16,8,132874.07,4,3,3,10,Champions
C00073,106,6,90707.06999999999,2,3,3,8,Loyal Customers
C00074,5,13,356944.5,4,4,4,12,Champions
C00076,141,2,28172.19,2,1,2,5,At Risk
C00077,8,27,283120.33,4,4,4,12,Champions
C00078,13,31,344664.32,4,4,4,12,Champions
C00079,237,3,12762.300000000001,1,2,2,5,At Risk
C00080,371,2,5128.78,1,1,1,3,Lost / Inactive
C00081,2,71,1243747.96,4,4,4,12,Champions
C00082,143,4,16824.66,2,2,2,6,Potential Loyalists
C00083,86,3,5011.95,2,2,1,5,At Risk
C00084,95,1,73330.46,2,1,3,6,Potential Loyalists
C00085,6,16,324883.42,4,4,4,12,Champions
C00086,55,3,256181.57,3,2,4,9,Loyal Customers
C00087,170,1,31335.66,1,1,2,4,At Risk
C00089,49,16,415075.36,3,4,4,11,Champions
C00090,39,9,17200.76,3,4,2,9,Loyal Customers
C00091,25,8,127972.09,3,3,3,9,Loyal Customers
C00092,12,5,203676.48,4,3,4,11,Champions
C00093,37,16,337818.43,3,4,4,11,Champions
C00094,66,8,25304.78,2,3,2,7,Potential Loyalists
C00095,91,7,22114.92,2,3,2,7,Potential Loyalists
C00096,8,36,416751.22000000003,4,4,4,12,Champions
C00097,371,1,936.62,1,1,1,3,Lost / Inactive
C00098,127,2,9553.87,2,1,1,4,At Risk
C00099,16,23,179647.63,4,4,4,12,Champions
C00100,76,7,91972.09,2,3,3,8,Loyal Customers
C00101,180,3,36036.37,1,2,2,5,At Risk
C00102,248,1,1853.28,1,1,1,3,Lost / Inactive
C00103,11,7,75533.28,4,3,3,10,Champions
C00104,16,4,29688.35,4,2,2,8,Loyal Customers
C00105,70,1,6168.7,2,1,1,4,At Risk
C00106,45,9,346087.31,3,4,4,11,Champions
C00107,124,3,19916.36,2,2,2,6,Potential Loyalists
C00108,73,1,969.56,2,1,1,4,At Risk
C00109,122,4,13803.68,2,2,2,6,Potential Loyalists
C00110,99,4,72531.29999999999,2,2,3,7,Potential Loyalists
C00111,318,1,1128.32,1,1,1,3,Lost / Inactive
C00112,90,3,14653.57,2,2,2,6,Potential Loyalists
C00114,31,1,208.55,3,1,1,5,At Risk
C00115,56,1,46821.2,3,1,3,7,Potential Loyalists
C00116,242,5,13387.06,1,3,2,6,Potential Loyalists
C00117,296,1,2218.48,1,1,1,3,Lost / Inactive
C00118,207,3,55252.8,1,2,3,6,Potential Loyalists
C00119,21,17,334165.17,4,4,4,12,Champions
C00120,183,3,14470.77,1,2,2,5,At Risk
C00121,85,5,12181.26,2,3,2,7,Potential Loyalists
C00122,126,2,433423.06,2,1,4,7,Potential Loyalists
C00123,44,8,97350.15999999999,3,3,3,9,Loyal Customers
C00124,20,8,96964.74,4,3,3,10,Champions
C00125,213,1,6692.32,1,1,1,3,Lost / Inactive
C00126,303,1,5246.4,1,1,1,3,Lost / Inactive
C00127,61,3,11393.380000000001,3,2,2,7,Potential Loyalists
C00128,185,6,160652.77000000002,1,3,4,8,Loyal Customers
C00129,83,3,33725.82,2,2,2,6,Potential Loyalists
C00130,2,14,97339.66,4,4,3,11,Champions
C00132,21,2,25194.42,4,1,2,7,Potential Loyalists
C00133,42,8,114753.99,3,3,3,9,Loyal Customers
C00134,150,11,49440.44,2,4,3,9,Loyal Customers
C00135,1,3,34735.240000000005,4,2,2,8,Loyal Customers
C00136,85,9,245892.16999999998,2,4,4,10,Champions
C00138,104,4,22592.449999999997,2,2,2,6,Potential Loyalists
C00139,52,7,90996.28,3,3,3,9,Loyal Customers
C00140,98,15,77883.12,2,4,3,9,Loyal Customers
C00141,76,4,18486.13,2,2,2,6,Potential Loyalists
C00142,97,4,25019.559999999998,2,2,2,6,Potential Loyalists
C00143,157,6,73372.84,2,3,3,8,Loyal Customers
C00144,276,1,910.47,1,1,1,3,Lost / Inactive
C00145,3,7,41372.94,4,3,3,10,Champions
C00146,29,3,49524.100000000006,3,2,3,8,Loyal Customers
C00147,241,2,15210.09,1,1,2,4,At Risk
C00148,14,16,253158.75,4,4,4,12,Champions
C00149,426,2,9328.34,1,1,1,3,Lost / Inactive
C00150,21,67,766964.97,4,4,4,12,Champions
C00151,16,8,38592.81,4,3,3,10,Champions
C00152,17,3,11033.689999999999,4,2,2,8,Loyal Customers
C00153,68,3,184030.57,2,2,4,8,Loyal Customers
C00154,6,12,235109.1,4,4,4,12,Champions
C00155,5,9,208736.33,4,4,4,12,Champions
C00156,413,1,3609.2,1,1,1,3,Lost / Inactive
C00157,16,3,18512.77,4,2,2,8,Loyal Customers
C00159,5,59,1045494.21,4,4,4,12,Champions
C00160,19,10,80913.87,4,4,3,11,Champions
C00161,13,19,348873.68,4,4,4,12,Champions
C00162,75,2,12370.619999999999,2,1,2,5,At Risk
C00163,50,6,179832.21,3,3,4,10,Champions
C00164,120,3,90113.74,2,2,3,7,Potential Loyalists
C00165,42,4,10164.79,3,2,1,6,Potential Loyalists
C00166,210,2,11683.78,1,1,2,4,At Risk
C00167,388,2,253696.35,1,1,4,6,Potential Loyalists
C00168,10,21,190835.26,4,4,4,12,Champions
C00169,19,72,741768.25,4,4,4,12,Champions
C00170,56,1,21254.18,3,1,2,6,Potential Loyalists
C00171,67,7,49623.58,2,3,3,8,Loyal Customers
C00172,421,1,4097.9,1,1,1,3,Lost / Inactive
C00173,82,4,15446.38,2,2,2,6,Potential Loyalists
C00174,81,3,53512.34999999999,2,2,3,7,Potential Loyalists
C00175,27,5,36776.78999999999,3,3,2,8,Loyal Customers
C00176,36,23,113820.09999999999,3,4,3,10,Champions
C00177,39,5,57074.799999999996,3,3,3,9,Loyal Customers
C00178,166,5,47037.03,1,3,3,7,Potential Loyalists
C00179,12,1,1042.75,4,1,1,6,Potential Loyalists
C00180,259,1,6139.84,1,1,1,3,Lost / Inactive
C00181,449,1,10925.3,1,1,1,3,Lost / Inactive
C00182,216,4,56589.03,1,2,3,6,Potential Loyalists
C00183,28,16,263364.02,3,4,4,11,Champions
C00184,51,4,56708.43,3,2,3,8,Loyal Customers
C00185,2,9,75402.15,4,4,3,11,Champions
C00186,50,3,13026.99,3,2,2,7,Potential Loyalists
C00187,407,2,10092.029999999999,1,1,1,3,Lost / Inactive
C00188,4,10,58500.09,4,4,3,11,Champions
C00189,10,9,59385.950000000004,4,4,3,11,Champions
C00191,25,3,15895.24,3,2,2,7,Potential Loyalists
C00192,107,4,138943.81,2,2,4,8,Loyal Customers
C00193,217,2,11508.17,1,1,2,4,At Risk
C00194,11,25,222063.01,4,4,4,12,Champions
C00195,159,7,46938.47,2,3,3,8,Loyal Customers
C00196,374,2,8267.210000000001,1,1,1,3,Lost / Inactive
C00197,53,2,32056.04,3,1,2,6,Potential Loyalists
C00198,31,25,334456.73000000004,3,4,4,11,Champions
C00199,45,6,152408.23,3,3,4,10,Champions
C00200,148,5,45258.55,2,3,3,8,Loyal Customers
C00202,1,8,34279.82,4,3,2,9,Loyal Customers
C00203,87,4,34043.29,2,2,2,6,Potential Loyalists
C00204,208,4,42183.270000000004,1,2,3,6,Potential Loyalists
C00205,15,35,424732.52,4,4,4,12,Champions
C00207,59,4,10530.74,3,2,1,6,Potential Loyalists
C00208,273,1,2098.56,1,1,1,3,Lost / Inactive
C00209,213,2,14789.829999999998,1,1,2,4,At Risk
C00210,444,1,3147.84,1,1,1,3,Lost / Inactive
C00211,9,14,242031.88,4,4,4,12,Champions
C00212,96,4,15872.17,2,2,2,6,Potential Loyalists
C00213,2,8,131816.8,4,3,3,10,Champions
C00214,23,12,364716.43,3,4,4,11,Champions
C00215,8,57,824994.64,4,4,4,12,Champions
C00216,51,1,3155.46,3,1,1,5,At Risk
C00217,126,5,53227.119999999995,2,3,3,8,Loyal Customers
C00219,156,1,11296.74,2,1,2,5,At Risk
C00220,259,3,31525.879999999997,1,2,2,5,At Risk
C00221,146,3,6242.4400000000005,2,2,1,5,At Risk
C00222,375,1,4436.96,1,1,1,3,Lost / Inactive
C00223,15,1,9466.38,4,1,1,6,Potential Loyalists
C00224,75,5,79834.99,2,3,3,8,Loyal Customers
C00225,345,2,201249.66,1,1,4,6,Potential Loyalists
C00226,289,1,1404.69,1,1,1,3,Lost / Inactive
C00227,126,4,39326.869999999995,2,2,3,7,Potential Loyalists
C00228,126,2,17250.63,2,1,2,5,At Risk
C00230,11,3,19859.159999999996,4,2,2,8,Loyal Customers
C00231,18,9,262701.19,4,4,4,12,Champions
C00234,397,2,2804.4700000000003,1,1,1,3,Lost / Inactive
C00235,299,1,1895.66,1,1,1,3,Lost / Inactive
C00236,211,4,10296.31,1,2,1,4,At Risk
C00237,326,1,1389.96,1,1,1,3,Lost / Inactive
C00238,194,5,90537.02,1,3,3,7,Potential Loyalists
C00239,440,1,4197.12,1,1,1,3,Lost / Inactive
C00240,1,44,597407.05,4,4,4,12,Champions
C00241,99,6,50839.32,2,3,3,8,Loyal Customers
C00242,164,7,208125.78,2,3,4,9,Loyal Customers
C00243,126,1,5107.66,2,1,1,4,At Risk
C00244,6,131,1781202.1400000001,4,4,4,12,Champions
C00245,5,36,972198.65,4,4,4,12,Champions
C00246,120,5,77716.51999999999,2,3,3,8,Loyal Customers
C00247,93,1,10816.76,2,1,1,4,At Risk
C00248,220,1,4177.94,1,1,1,3,Lost / Inactive
C00249,34,3,16335.480000000001,3,2,2,7,Potential Loyalists
C00250,5,4,7467.96,4,2,1,7,Potential Loyalists
C00251,174,3,9578.46,1,2,1,4,At Risk
C00252,10,17,172913.49,4,4,4,12,Champions
C00253,95,7,21389.42,2,3,2,7,Potential Loyalists
C00254,30,11,290316.7,3,4,4,11,Champions
C00255,178,2,29776.280000000002,1,1,2,4,At Risk
C00256,33,7,39912.83,3,3,3,9,Loyal Customers
C00257,116,2,68199.31999999999,2,1,3,6,Potential Loyalists
C00258,109,4,47670.69,2,2,3,7,Potential Loyalists
C00259,77,6,198900.5,2,3,4,9,Loyal Customers
C00260,84,4,20369.14,2,2,2,6,Potential Loyalists
C00261,7,13,90779.73,4,4,3,11,Champions
C00262,149,1,18075.48,2,1,2,5,At Risk
C00263,124,3,236108.75,2,2,4,8,Loyal Customers
C00264,165,2,13346.74,1,1,2,4,At Risk
C00265,15,6,181631.31,4,3,4,11,Champions
C00266,109,4,29962.520000000004,2,2,2,6,Potential Loyalists
C00267,10,4,12636.16,4,2,2,8,Loyal Customers
C00268,56,1,12879.95,3,1,2,6,Potential Loyalists
C00269,261,1,16368.21,1,1,2,4,At Risk
C00270,15,16,113775.29000000001,4,4,3,11,Champions
C00271,230,1,31881.27,1,1,2,4,At Risk
C00272,21,10,95852.36,4,4,3,11,Champions
C00274,39,2,12478.199999999999,3,1,2,6,Potential Loyalists
C00275,66,3,11208.78,2,2,2,6,Potential Loyalists
C00276,168,5,116871.18,1,3,3,7,Potential Loyalists
C00277,363,1,4854.0,1,1,1,3,Lost / Inactive
C00278,10,6,55781.65,4,3,3,10,Champions
C00279,200,2,3641.33,1,1,1,3,Lost / Inactive
C00280,187,3,18172.28,1,2,2,5,At Risk
C00281,54,3,40940.28,3,2,3,8,Loyal Customers
C00282,52,10,53266.64,3,4,3,10,Champions
C00283,11,14,283394.19,4,4,4,12,Champions
C00284,367,1,53135.45,1,1,3,5,At Risk
C00287,13,37,741284.2400000001,4,4,4,12,Champions
C00288,3,8,112078.54000000001,4,3,3,10,Champions
C00290,77,1,10042.58,2,1,1,4,At Risk
C00291,292,1,2476.94,1,1,1,3,Lost / Inactive
C00292,52,3,16436.94,3,2,2,7,Potential Loyalists
C00293,66,6,30869.63,2,3,2,7,Potential Loyalists
C00294,258,3,13310.05,1,2,2,5,At Risk
C00295,28,17,269574.15,3,4,4,11,Champions
C00296,86,3,6441.11,2,2,1,5,At Risk
C00298,81,5,38907.33,2,3,3,8,Loyal Customers
C00299,29,2,134269.21,3,1,3,7,Potential Loyalists
C00300,1,24,315357.9,4,4,4,12,Champions
C00301,315,1,3098.49,1,1,1,3,Lost / Inactive
C00302,316,1,1213.96,1,1,1,3,Lost / Inactive
C00303,50,6,31317.33,3,3,2,8,Loyal Customers
C00304,131,7,36206.89,2,3,2,7,Potential Loyalists
C00305,132,2,7106.59,2,1,1,4,At Risk
C00306,9,66,878672.9,4,4,4,12,Champions
C00307,170,1,3867.97,1,1,1,3,Lost / Inactive
C00308,403,1,2146.31,1,1,1,3,Lost / Inactive
C00309,14,14,171574.94,4,4,4,12,Champions
C00311,50,2,204451.24,3,1,4,8,Loyal Customers
C00312,228,4,65753.36,1,2,3,6,Potential Loyalists
C00313,153,1,606.3,2,1,1,4,At Risk
C00314,1,48,1370662.86,4,4,4,12,Champions
C00315,14,5,11584.33,4,3,2,9,Loyal Customers
C00316,8,7,110128.73000000001,4,3,3,10,Champions
C00318,132,1,265.45,2,1,1,4,At Risk
C00319,2,3,12834.32,4,2,2,8,Loyal Customers
C00320,280,2,50888.19,1,1,3,5,At Risk
C00321,9,11,368021.92000000004,4,4,4,12,Champions
C00322,157,2,1933.9699999999998,2,1,1,4,At Risk
C00323,29,2,5453.29,3,1,1,5,At Risk
C00324,9,4,326505.38,4,2,4,10,Champions
C00325,56,5,116051.09,3,3,3,9,Loyal Customers
C00326,43,7,97267.23,3,3,3,9,Loyal Customers
C00327,81,1,10925.3,2,1,1,4,At Risk
C00330,164,4,18244.120000000003,2,2,2,6,Potential Loyalists
C00331,66,12,281104.52,2,4,4,10,Champions
C00333,5,20,144040.63,4,4,4,12,Champions
C00334,41,3,69417.38,3,2,3,8,Loyal Customers
C00335,6,24,318598.21,4,4,4,12,Champions
C00336,87,1,936.62,2,1,1,4,At Risk
C00337,8,25,184342.97,4,4,4,12,Champions
C00338,251,1,70231.8,1,1,3,5,At Risk
C00339,25,6,46819.57,3,3,3,9,Loyal Customers
C00340,3,19,82515.24,4,4,3,11,Champions
C00343,27,9,248285.94,3,4,4,11,Champions
C00344,3,6,12762.7,4,3,2,9,Loyal Customers
C00345,24,8,44045.94,3,3,3,9,Loyal Customers
C00347,3,11,387796.47,4,4,4,12,Champions
C00349,1,19,103882.86,4,4,3,11,Champions
C00350,111,5,13567.37,2,3,2,7,Potential Loyalists
C00351,56,8,94239.54000000001,3,3,3,9,Loyal Customers
C00352,44,2,65930.2,3,1,3,7,Potential Loyalists
C00353,13,13,81138.5,4,4,3,11,Champions
C00354,16,11,193145.53,4,4,4,12,Champions
C00355,17,11,84131.1,4,4,3,11,Champions
C00356,244,1,21850.6,1,1,2,4,At Risk
C00357,22,8,34599.84,4,3,2,9,Loyal Customers
C00358,7,8,71237.41,4,3,3,10,Champions
C00359,72,1,624.76,2,1,1,4,At Risk
C00360,184,2,3176.54,1,1,1,3,Lost / Inactive
C00361,143,1,219948.28,2,1,4,7,Potential Loyalists
C00362,36,4,193093.05,3,2,4,9,Loyal Customers
C00363,17,5,18962.379999999997,4,3,2,9,Loyal Customers
C00364,12,3,193246.27,4,2,4,10,Champions
C00365,196,1,4236.3,1,1,1,3,Lost / Inactive
C00366,13,2,7408.49,4,1,1,6,Potential Loyalists
C00367,5,1,2631.35,4,1,1,6,Potential Loyalists
C00368,23,8,153683.68,3,3,4,10,Champions
C00369,22,23,362925.08999999997,4,4,4,12,Champions
C00370,115,2,9741.060000000001,2,1,1,4,At Risk
C00371,428,1,1161.09,1,1,1,3,Lost / Inactive
C00372,29,3,60802.03999999999,3,2,3,8,Loyal Customers
C00373,34,8,43567.729999999996,3,3,3,9,Loyal Customers
C00374,75,2,59725.02,2,1,3,6,Potential Loyalists
C00375,64,3,58702.39,3,2,3,8,Loyal Customers
C00376,179,2,60910.100000000006,1,1,3,5,At Risk
C00377,92,11,180033.58000000002,2,4,4,10,Champions
C00378,222,2,7894.7,1,1,1,3,Lost / Inactive
C00379,13,1,150593.67,4,1,4,9,Loyal Customers
C00380,360,1,3766.1,1,1,1,3,Lost / Inactive
C00381,456,1,10678.56,1,1,1,3,Lost / Inactive
C00382,217,2,8257.67,1,1,1,3,Lost / Inactive
C00383,63,6,78561.4,3,3,3,9,Loyal Customers
C00384,16,24,587017.68,4,4,4,12,Champions
C00385,236,2,8509.0,1,1,1,3,Lost / Inactive
C00386,8,51,725474.21,4,4,4,12,Champions
C00387,26,4,14238.16,3,2,2,7,Potential Loyalists
C00388,225,1,1042.75,1,1,1,3,Lost / Inactive
C00389,22,9,214579.58000000002,4,4,4,12,Champions
C00390,49,5,35957.14,3,3,2,8,Loyal Customers
C00391,96,4,18169.48,2,2,2,6,Potential Loyalists
C00392,2,8,452604.92,4,3,4,11,Champions
C00393,169,6,260869.17,1,3,4,8,Loyal Customers
C00394,132,3,6454.24,2,2,1,5,At Risk
C00395,28,14,278818.34,3,4,4,11,Champions
C00396,309,1,6139.84,1,1,1,3,Lost / Inactive
C00397,13,6,130680.9,4,3,3,10,Champions
C00398,61,11,98515.82,3,4,3,10,Champions
C00399,29,6,196537.02,3,3,4,10,Champions
C00400,148,1,4103.75,2,1,1,4,At Risk
C00401,25,10,275726.38,3,4,4,11,Champions
C00402,203,1,21824.28,1,1,2,4,At Risk
C00403,86,6,76634.33,2,3,3,8,Loyal Customers
C00404,36,18,92884.44,3,4,3,10,Champions
C00405,229,3,19925.86,1,2,2,5,At Risk
C00407,74,2,6024.0199999999995,2,1,1,4,At Risk
C00408,269,3,7167.150000000001,1,2,1,4,At Risk
C00409,4,22,418134.32,4,4,4,12,Champions
C00410,153,5,38212.16,2,3,3,8,Loyal Customers
C00411,43,2,3760.0499999999997,3,1,1,5,At Risk
C00412,8,7,58742.83,4,3,3,10,Champions
C00413,61,8,49780.14,3,3,3,9,Loyal Customers
C00414,121,3,20019.25,2,2,2,6,Potential Loyalists
C00415,28,5,38222.119999999995,3,3,3,9,Loyal Customers
C00416,159,2,4137.52,2,1,1,4,At Risk
C00417,7,10,94844.35,4,4,3,11,Champions
C00418,26,1,11092.4,3,1,2,6,Potential Loyalists
C00419,227,2,5077.34,1,1,1,3,Lost / Inactive
C00420,27,7,65666.59000000001,3,3,3,9,Loyal Customers
C00421,138,3,36501.479999999996,2,2,2,6,Potential Loyalists
C00422,108,3,17307.47,2,2,2,6,Potential Loyalists
C00423,44,22,492101.63,3,4,4,11,Champions
C00424,5,9,57754.64,4,4,3,11,Champions
C00425,211,1,969.56,1,1,1,3,Lost / Inactive
C00426,56,5,81284.12,3,3,3,9,Loyal Customers
C00427,21,17,183588.54,4,4,4,12,Champions
C00428,157,3,7270.83,2,2,1,5,At Risk
C00429,163,3,15104.109999999999,2,2,2,6,Potential Loyalists
C00430,236,3,31600.56,1,2,2,5,At Risk
C00431,13,8,334507.05000000005,4,3,4,11,Champions
C00432,16,14,77707.24,4,4,3,11,Champions
C00433,52,2,3741.6400000000003,3,1,1,5,At Risk
C00434,33,4,274525.08,3,2,4,9,Loyal Customers
C00436,101,10,63214.75,2,4,3,9,Loyal Customers
C00437,18,24,208459.98,4,4,4,12,Champions
C00438,388,2,10875.89,1,1,1,3,Lost / Inactive
C00439,182,3,153094.66,1,2,4,7,Potential Loyalists
C00440,128,1,1746.02,2,1,1,4,At Risk
C00441,10,5,48925.18,4,3,3,10,Champions
C00442,220,4,147540.32,1,2,4,7,Potential Loyalists
C00443,212,3,33816.88,1,2,2,5,At Risk
C00444,44,17,308110.98,3,4,4,11,Champions
C00445,15,6,24058.829999999998,4,3,2,9,Loyal Customers
C00446,163,3,13755.96,2,2,2,6,Potential Loyalists
C00447,30,7,19100.55,3,3,2,8,Loyal Customers
C00448,19,17,142502.03999999998,4,4,4,12,Champions
C00449,118,1,7281.0,2,1,1,4,At Risk
C00451,215,2,30850.25,1,1,2,4,At Risk
C00452,13,5,8813.47,4,3,1,8,Loyal Customers
C00453,38,14,150131.69,3,4,4,11,Champions
C00455,64,7,82816.04000000001,3,3,3,9,Loyal Customers
C00456,33,13,51511.17,3,4,3,10,Champions
C00457,128,4,30976.42,2,2,2,6,Potential Loyalists
C00458,9,10,75931.33,4,4,3,11,Champions
C00459,271,1,606.98,1,1,1,3,Lost / Inactive
C00461,18,17,176071.38999999998,4,4,4,12,Champions
C00462,164,3,12350.86,2,2,2,6,Potential Loyalists
C00463,264,1,910.47,1,1,1,3,Lost / Inactive
C00464,21,8,145015.36000000002,4,3,4,11,Champions
C00465,19,12,107082.95,4,4,3,11,Champions
C00466,52,5,74828.73,3,3,3,9,Loyal Customers
C00467,60,2,4270.21,3,1,1,5,At Risk
C00468,78,3,182996.83000000002,2,2,4,8,Loyal Customers
C00469,7,10,223297.12,4,4,4,12,Champions
C00470,219,1,23195.79,1,1,2,4,At Risk
C00471,1,1,2476.94,4,1,1,6,Potential Loyalists
C00472,76,4,132781.47,2,2,3,7,Potential Loyalists
C00473,40,4,28846.4,3,2,2,7,Potential Loyalists
C00474,151,3,190026.5,2,2,4,8,Loyal Customers
C00478,127,2,7305.35,2,1,1,4,At Risk
C00479,39,6,55846.69,3,3,3,9,Loyal Customers
C00480,63,3,244858.12,3,2,4,9,Loyal Customers
C00481,53,8,57688.01,3,3,3,9,Loyal Customers
C00482,316,2,37430.270000000004,1,1,3,5,At Risk
C00483,46,1,24489.45,3,1,2,6,Potential Loyalists
C00484,114,1,10627.09,2,1,1,4,At Risk
C00485,166,2,324920.86,1,1,4,6,Potential Loyalists
C00487,56,2,13822.38,3,1,2,6,Potential Loyalists
C00488,2,91,1479902.6400000001,4,4,4,12,Champions
C00489,67,1,484.78,2,1,1,4,At Risk
C00490,43,22,256636.01,3,4,4,11,Champions
C00491,99,2,5926.039999999999,2,1,1,4,At Risk
C00492,14,4,25252.53,4,2,2,8,Loyal Customers
C00493,76,5,15177.05,2,3,2,7,Potential Loyalists
C00494,105,1,687.15,2,1,1,4,At Risk
C00495,45,4,20179.53,3,2,2,7,Potential Loyalists
C00496,6,41,488011.35,4,4,4,12,Champions
C00497,29,8,366192.38,3,3,4,10,Champions
C00499,429,1,8008.92,1,1,1,3,Lost / Inactive
C00500,18,16,264435.09,4,4,4,12,Champions
C00501,50,10,195644.18000000002,3,4,4,11,Champions
C00502,27,3,8377.08,3,2,1,6,Potential Loyalists
C00503,185,3,12581.29,1,2,2,5,At Risk
C00504,34,13,218211.88,3,4,4,11,Champions
C00505,50,4,123554.27,3,2,3,8,Loyal Customers
C00506,22,5,35032.54,4,3,2,9,Loyal Customers
C00507,33,2,26558.44,3,1,2,6,Potential Loyalists
C00508,4,3,9664.2,4,2,1,7,Potential Loyalists
C00509,167,4,12863.009999999998,1,2,2,5,At Risk
C00510,40,16,88108.28,3,4,3,10,Champions
C00511,14,7,81770.19,4,3,3,10,Champions
C00512,198,4,191882.8,1,2,4,7,Potential Loyalists
C00513,6,2,28819.69,4,1,2,7,Potential Loyalists
C00514,132,3,28984.079999999998,2,2,2,6,Potential Loyalists
C00515,19,3,14299.16,4,2,2,8,Loyal Customers
C00516,163,4,11426.39,2,2,2,6,Potential Loyalists
C00517,38,4,16316.15,3,2,2,7,Potential Loyalists
C00520,31,7,247655.21999999997,3,3,4,10,Champions
C00521,1,5,215770.52000000002,4,3,4,11,Champions
C00522,58,7,95816.87000000001,3,3,3,9,Loyal Customers
C00523,213,1,25106.45,1,1,2,4,At Risk
C00524,81,6,128559.36,2,3,3,8,Loyal Customers
C00525,132,5,21412.48,2,3,2,7,Potential Loyalists
C00526,326,2,17385.120000000003,1,1,2,4,At Risk
C00527,192,1,9708.0,1,1,1,3,Lost / Inactive
C00528,21,5,56024.520000000004,4,3,3,10,Champions
C00529,408,1,3459.88,1,1,1,3,Lost / Inactive
C00530,20,3,8374.25,4,2,1,7,Potential Loyalists
C00531,3,44,723061.27,4,4,4,12,Champions
C00532,45,1,88643.3,3,1,3,7,Potential Loyalists
C00533,23,8,16664.420000000002,3,3,2,8,Loyal Customers
C00534,76,4,20833.99,2,2,2,6,Potential Loyalists
C00535,110,1,9419.2,2,1,1,4,At Risk
C00536,324,1,1729.94,1,1,1,3,Lost / Inactive
C00537,1,6,16405.1,4,3,2,9,Loyal Customers
C00538,67,5,38367.18,2,3,3,8,Loyal Customers
C00539,161,3,27484.29,2,2,2,6,Potential Loyalists
C00540,11,24,341271.41,4,4,4,12,Champions
C00541,17,3,4374.42,4,2,1,7,Potential Loyalists
C00543,11,3,80643.62,4,2,3,9,Loyal Customers
C00544,3,5,17367.07,4,3,2,9,Loyal Customers
C00545,79,1,1872.92,2,1,1,4,At Risk
C00546,104,2,48551.14,2,1,3,6,Potential Loyalists
C00547,1,3,106273.19,4,2,3,9,Loyal Customers
C00548,1,2,6991.25,4,1,1,6,Potential Loyalists
C00549,11,7,66213.96,4,3,3,10,Champions
C00550,305,2,115817.53,1,1,3,5,At Risk
C00552,43,1,70231.8,3,1,3,7,Potential Loyalists
C00553,338,2,4719.08,1,1,1,3,Lost / Inactive
C00555,391,1,3147.84,1,1,1,3,Lost / Inactive
C00557,9,49,694643.02,4,4,4,12,Champions
C00558,61,1,31881.27,3,1,2,6,Potential Loyalists
C00559,8,60,837158.79,4,4,4,12,Champions
C00560,320,2,4207.49,1,1,1,3,Lost / Inactive
C00561,83,3,26102.660000000003,2,2,2,6,Potential Loyalists
C00562,150,1,23376.33,2,1,2,5,At Risk
C00565,246,1,3098.49,1,1,1,3,Lost / Inactive
C00566,17,33,275610.89,4,4,4,12,Champions
C00567,39,3,231399.04,3,2,4,9,Loyal Customers
C00568,167,3,13073.67,1,2,2,5,At Risk
C00569,69,8,60271.17,2,3,3,8,Loyal Customers
C00570,29,7,102818.47,3,3,3,9,Loyal Customers
C00571,53,7,34909.26,3,3,2,8,Loyal Customers
C00572,163,1,199832.12,2,1,4,7,Potential Loyalists
C00573,43,3,19192.81,3,2,2,7,Potential Loyalists
C00574,363,1,1414.8,1,1,1,3,Lost / Inactive
C00575,13,3,57763.8,4,2,3,9,Loyal Customers
C00576,360,1,910.47,1,1,1,3,Lost / Inactive
C00578,1,15,277174.60000000003,4,4,4,12,Champions
C00579,7,21,246173.93,4,4,4,12,Champions
C00580,289,3,12044.089999999998,1,2,2,5,At Risk
C00581,33,4,13136.52,3,2,2,7,Potential Loyalists
C00583,116,3,119951.66,2,2,3,7,Potential Loyalists
C00585,22,23,393668.75,4,4,4,12,Champions
C00586,239,2,677.6500000000001,1,1,1,3,Lost / Inactive
C00588,97,1,2824.2,2,1,1,4,At Risk
C00589,1,52,834217.2,4,4,4,12,Champions
C00590,36,24,202007.81,3,4,4,11,Champions
C00591,54,6,31872.79,3,3,2,8,Loyal Customers
C00592,277,3,2968.21,1,2,1,4,At Risk
C00593,207,1,4236.3,1,1,1,3,Lost / Inactive
C00594,380,1,104.22,1,1,1,3,Lost / Inactive
C00595,369,1,2669.64,1,1,1,3,Lost / Inactive
C00596,1,7,37013.35,4,3,2,9,Loyal Customers
C00597,2,1,10525.4,4,1,1,6,Potential Loyalists
C00598,54,2,11386.22,3,1,2,6,Potential Loyalists
C00599,29,7,36372.06,3,3,2,8,Loyal Customers
C00600,125,4,234145.3,2,2,4,8,Loyal Customers
C00601,20,6,59689.780000000006,4,3,3,10,Champions
C00602,327,2,10678.56,1,1,1,3,Lost / Inactive
C00604,26,5,189318.80000000002,3,3,4,10,Champions
C00605,16,16,210807.87,4,4,4,12,Champions
C00607,44,3,15427.0,3,2,2,7,Potential Loyalists
C00608,247,2,17899.5,1,1,2,4,At Risk
C00609,103,4,102637.97,2,2,3,7,Potential Loyalists
C00610,36,12,284813.48000000004,3,4,4,11,Champions
C00611,87,4,27111.93,2,2,2,6,Potential Loyalists
C00612,16,2,5904.04,4,1,1,6,Potential Loyalists
C00613,29,30,869458.4199999999,3,4,4,11,Champions
C00614,56,10,63218.65,3,4,3,10,Champions
C00615,314,2,13151.75,1,1,2,4,At Risk
C00616,380,1,177286.6,1,1,4,6,Potential Loyalists
C00617,323,1,1404.69,1,1,1,3,Lost / Inactive
C00618,1,12,247481.24,4,4,4,12,Champions
C00619,213,1,9708.0,1,1,1,3,Lost / Inactive
C00620,283,3,19434.3,1,2,2,5,At Risk
C00621,326,3,13013.61,1,2,2,5,At Risk
C00622,275,2,4709.4,1,1,1,3,Lost / Inactive
C00623,2,16,112521.95000000001,4,4,3,11,Champions
C00624,38,23,117003.11,3,4,3,10,Champions
C00625,34,1,2218.48,3,1,1,5,At Risk
C00626,50,9,50282.49,3,4,3,10,Champions
C00627,35,6,45637.0,3,3,3,9,Loyal Customers
C00628,163,15,284091.55,2,4,4,10,Champions
C00629,88,7,205918.65,2,3,4,9,Loyal Customers
C00630,37,41,700301.3300000001,3,4,4,11,Champions
C00631,34,30,612902.8200000001,3,4,4,11,Champions
C00632,104,5,54486.7,2,3,3,8,Loyal Customers
C00633,6,11,166952.55,4,4,4,12,Champions
C00634,386,2,6564.599999999999,1,1,1,3,Lost / Inactive
C00636,239,1,1032.83,1,1,1,3,Lost / Inactive
C00638,6,15,207691.21,4,4,4,12,Champions
C00639,27,1,221608.25,3,1,4,8,Loyal Customers
C00640,18,16,288550.42000000004,4,4,4,12,Champions
C00641,19,8,368059.43,4,3,4,11,Champions
C00642,22,6,62618.94,4,3,3,10,Champions
C00643,5,3,45296.670000000006,4,2,3,9,Loyal Customers
C00644,78,6,85723.39,2,3,3,8,Loyal Customers
C00645,124,2,21306.600000000002,2,1,2,5,At Risk
C00646,326,1,4607.6,1,1,1,3,Lost / Inactive
C00647,93,6,36440.48,2,3,2,7,Potential Loyalists
C00648,10,6,23181.0,4,3,2,9,Loyal Customers
C00649,48,3,8103.82,3,2,1,6,Potential Loyalists
C00650,95,5,79283.16,2,3,3,8,Loyal Customers
C00651,54,1,3175.71,3,1,1,5,At Risk
C00652,174,2,8582.03,1,1,1,3,Lost / Inactive
C00653,137,2,23888.52,2,1,2,5,At Risk
C00655,7,8,426908.47000000003,4,3,4,11,Champions
C00656,197,1,48547.04,1,1,3,5,At Risk
C00657,117,2,2936.26,2,1,1,4,At Risk
C00658,298,1,2706.9,1,1,1,3,Lost / Inactive
C00659,153,2,16161.47,2,1,2,5,At Risk
C00660,42,4,33736.759999999995,3,2,2,7,Potential Loyalists
C00661,29,32,546306.4,3,4,4,11,Champions
C00662,174,3,8731.63,1,2,1,4,At Risk
C00663,136,2,10827.259999999998,2,1,1,4,At Risk
C00664,29,12,210649.51,3,4,4,11,Champions
C00665,105,9,282882.0,2,4,4,10,Champions
C00666,31,9,224158.0,3,4,4,11,Champions
C00667,5,24,383021.37,4,4,4,12,Champions
C00668,14,5,12301.550000000001,4,3,2,9,Loyal Customers
C00669,223,1,5021.29,1,1,1,3,Lost / Inactive
C00670,224,2,7351.73,1,1,1,3,Lost / Inactive
C00672,64,5,129384.69,3,3,3,9,Loyal Customers
C00673,454,1,926.64,1,1,1,3,Lost / Inactive
C00674,3,10,55041.09,4,4,3,11,Champions
C00675,344,1,1765.56,1,1,1,3,Lost / Inactive
C00676,33,3,30269.82,3,2,2,7,Potential Loyalists
C00677,53,3,27196.4,3,2,2,7,Potential Loyalists
C00678,205,4,37360.61,1,2,3,6,Potential Loyalists
C00679,100,2,29181.19,2,1,2,5,At Risk
C00680,8,100,1377639.31,4,4,4,12,Champions
C00681,111,8,255622.7,2,3,4,9,Loyal Customers
C00682,30,2,5570.75,3,1,1,5,At Risk
C00683,9,15,277083.08,4,4,4,12,Champions
C00684,119,1,4236.3,2,1,1,4,At Risk
C00685,188,4,41484.240000000005,1,2,3,6,Potential Loyalists
C00687,3,2,56290.909999999996,4,1,3,8,Loyal Customers
C00688,10,55,729628.1900000001,4,4,4,12,Champions
C00689,296,5,80377.34,1,3,3,7,Potential Loyalists
C00690,29,14,226419.93,3,4,4,11,Champions
C00691,5,2,2389.2200000000003,4,1,1,6,Potential Loyalists
C00692,38,7,51973.59,3,3,3,9,Loyal Customers
C00693,3,36,278271.15,4,4,4,12,Champions
C00694,106,2,3352.88,2,1,1,4,At Risk
C00695,154,4,162516.15999999997,2,2,4,8,Loyal Customers
C00696,50,7,38758.57,3,3,3,9,Loyal Customers
C00697,9,18,225666.83000000002,4,4,4,12,Champions
C00698,53,2,16934.64,3,1,2,6,Potential Loyalists
C00699,68,7,30540.5,2,3,2,7,Potential Loyalists
C00701,40,3,186347.97,3,2,4,9,Loyal Customers
C00703,47,3,20368.93,3,2,2,7,Potential Loyalists
C00704,30,15,649454.7999999999,3,4,4,11,Champions
C00705,109,4,69501.37000000001,2,2,3,7,Potential Loyalists
C00706,286,1,3084.35,1,1,1,3,Lost / Inactive
C00707,31,5,39444.479999999996,3,3,3,9,Loyal Customers
C00708,234,1,20085.16,1,1,2,4,At Risk
C00709,34,14,478450.57000000007,3,4,4,11,Champions
C00710,325,2,17751.89,1,1,2,4,At Risk
C00712,440,1,4897.89,1,1,1,3,Lost / Inactive
C00713,23,18,250408.62,3,4,4,11,Champions
C00714,4,58,1095888.06,4,4,4,12,Champions
C00715,187,1,12702.84,1,1,2,4,At Risk
C00716,119,2,2624.18,2,1,1,4,At Risk
C00717,74,5,30480.46,2,3,2,7,Potential Loyalists
C00718,16,4,94716.69,4,2,3,9,Loyal Customers
C00719,90,6,8673.710000000001,2,3,1,6,Potential Loyalists
C00720,8,30,747643.66,4,4,4,12,Champions
C00721,30,14,183088.41999999998,3,4,4,11,Champions
C00722,56,7,44624.91,3,3,3,9,Loyal Customers
C00723,72,6,33253.05,2,3,2,7,Potential Loyalists
C00724,403,1,2122.2,1,1,1,3,Lost / Inactive
C00725,30,7,33961.33,3,3,2,8,Loyal Customers
C00726,175,1,16074.29,1,1,2,4,At Risk
C00727,225,1,6266.91,1,1,1,3,Lost / Inactive
C00728,433,1,12217.65,1,1,2,4,At Risk
C00729,117,5,35333.71,2,3,2,7,Potential Loyalists
C00730,27,7,74156.07,3,3,3,9,Loyal Customers
C00731,426,1,3715.41,1,1,1,3,Lost / Inactive
C00733,198,1,53135.45,1,1,3,5,At Risk
C00734,294,2,7858.0599999999995,1,1,1,3,Lost / Inactive
C00735,165,6,174542.96,1,3,4,8,Loyal Customers
C00736,357,1,3715.41,1,1,1,3,Lost / Inactive
C00737,77,7,15846.16,2,3,2,7,Potential Loyalists
C00738,20,10,285608.99,4,4,4,12,Champions
C00739,14,7,271038.33,4,3,4,11,Champions
C00740,133,4,6955.25,2,2,1,5,At Risk
C00741,122,3,24435.92,2,2,2,6,Potential Loyalists
C00743,34,5,25435.71,3,3,2,8,Loyal Customers
C00744,176,4,163456.82,1,2,4,7,Potential Loyalists
C00745,137,4,64829.0,2,2,3,7,Potential Loyalists
C00746,23,2,2221.2,3,1,1,5,At Risk
C00747,70,15,250926.0,2,4,4,10,Champions
C00748,220,1,250989.45,1,1,4,6,Potential Loyalists
C00749,104,3,27502.02,2,2,2,6,Potential Loyalists
C00750,16,33,360502.48,4,4,4,12,Champions
C00751,38,4,53744.310000000005,3,2,3,8,Loyal Customers
C00752,448,1,6139.84,1,1,1,3,Lost / Inactive
C00753,18,18,159302.11,4,4,4,12,Champions
C00754,105,3,15085.25,2,2,2,6,Potential Loyalists
C00755,11,3,10090.86,4,2,1,7,Potential Loyalists
C00756,55,3,78310.22,3,2,3,8,Loyal Customers
C00757,67,2,24807.45,2,1,2,5,At Risk
C00758,22,8,81066.16,4,3,3,10,Champions
C00761,25,5,86428.94,3,3,3,9,Loyal Customers
C00762,59,2,9647.19,3,1,1,5,At Risk
C00763,11,34,665409.77,4,4,4,12,Champions
C00764,81,3,12173.76,2,2,2,6,Potential Loyalists
C00765,56,1,468.23,3,1,1,5,At Risk
C00766,18,7,20547.149999999998,4,3,2,9,Loyal Customers
C00767,42,3,16088.11,3,2,2,7,Potential Loyalists
C00768,126,2,8214.189999999999,2,1,1,4,At Risk
C00769,3,3,77942.24,4,2,3,9,Loyal Customers
C00770,13,36,633120.87,4,4,4,12,Champions
C00771,118,2,14886.69,2,1,2,5,At Risk
C00772,257,2,7892.72,1,1,1,3,Lost / Inactive
C00773,7,4,22338.53,4,2,2,8,Loyal Customers
C00775,174,1,12966.62,1,1,2,4,At Risk
C00776,7,9,176119.26,4,4,4,12,Champions
C00777,3,40,429957.15,4,4,4,12,Champions
C00778,108,1,6692.32,2,1,1,4,At Risk
C00779,61,6,215649.86000000002,3,3,4,10,Champions
C00780,7,28,201307.66,4,4,4,12,Champions
C00783,22,18,401755.4,4,4,4,12,Champions
C00784,42,5,166449.96000000002,3,3,4,10,Champions
C00785,254,1,11092.4,1,1,2,4,At Risk
C00787,296,1,2146.31,1,1,1,3,Lost / Inactive
C00789,1,9,198349.74,4,4,4,12,Champions
C00790,78,4,10304.9,2,2,1,5,At Risk
C00791,122,4,43429.65,2,2,3,7,Potential Loyalists
C00792,205,1,861.81,1,1,1,3,Lost / Inactive
C00793,96,1,21254.18,2,1,2,5,At Risk
C00795,178,6,43112.96,1,3,3,7,Potential Loyalists
C00796,185,6,26968.48,1,3,2,6,Potential Loyalists
C00797,125,1,13985.62,2,1,2,5,At Risk
C00798,242,3,19436.339999999997,1,2,2,5,At Risk
C00799,33,11,136245.65000000002,3,4,3,10,Champions
C00800,230,2,17617.510000000002,1,1,2,4,At Risk
C00801,104,3,29134.43,2,2,2,6,Potential Loyalists
C00802,105,3,10271.72,2,2,1,5,At Risk
C00803,53,3,16582.89,3,2,2,7,Potential Loyalists
C00804,26,12,54915.82,3,4,3,10,Champions
C00805,21,6,324441.87999999995,4,3,4,11,Champions
C00806,153,3,43637.64,2,2,3,7,Potential Loyalists
C00807,23,14,218801.27,3,4,4,11,Champions
C00808,10,47,935819.42,4,4,4,12,Champions
C00809,351,1,53135.45,1,1,3,5,At Risk
C00810,290,1,1153.35,1,1,1,3,Lost / Inactive
C00811,154,3,32546.08,2,2,2,6,Potential Loyalists
C00813,58,11,138137.16,3,4,4,11,Champions
C00814,12,12,48512.85,4,4,3,11,Champions
C00815,14,7,34496.05,4,3,2,9,Loyal Customers
C00816,16,1,19591.56,4,1,2,7,Potential Loyalists
C00818,97,2,178848.5,2,1,4,7,Potential Loyalists
C00819,1,10,96253.09,4,4,3,11,Champions
C00820,56,2,50082.0,3,1,3,7,Potential Loyalists
C00822,123,3,7996.719999999999,2,2,1,5,At Risk
C00823,1,55,905484.72,4,4,4,12,Champions
C00824,31,5,13866.53,3,3,2,8,Loyal Customers
C00825,4,20,496432.76,4,4,4,12,Champions
C00826,26,5,84036.55,3,3,3,9,Loyal Customers
C00827,79,3,39889.21,2,2,3,7,Potential Loyalists
C00828,13,3,12065.0,4,2,2,8,Loyal Customers
C00829,223,2,30540.71,1,1,2,4,At Risk
C00830,127,5,10540.310000000001,2,3,1,6,Potential Loyalists
C00831,5,10,148002.59,4,4,4,12,Champions
C00832,308,3,9360.37,1,2,1,4,At Risk
C00834,273,4,13272.980000000001,1,2,2,5,At Risk
C00835,23,3,9982.3,3,2,1,6,Potential Loyalists
C00836,56,4,10552.95,3,2,1,6,Potential Loyalists
C00837,59,4,11407.81,3,2,2,7,Potential Loyalists
C00838,22,3,26454.629999999997,4,2,2,8,Loyal Customers
C00840,92,6,42028.92,2,3,3,8,Loyal Customers
C00841,144,9,278868.66000000003,2,4,4,10,Champions
C00842,14,4,26400.67,4,2,2,8,Loyal Customers
C00843,31,15,240774.41000000003,3,4,4,11,Champions
C00846,261,2,5950.35,1,1,1,3,Lost / Inactive
C00848,23,6,9028.23,3,3,1,7,Potential Loyalists
C00849,1,28,383418.32,4,4,4,12,Champions
C00850,60,6,79851.07,3,3,3,9,Loyal Customers
C00851,1,7,373296.16,4,3,4,11,Champions
C00852,128,2,13774.61,2,1,2,5,At Risk
C00854,101,4,29401.11,2,2,2,6,Potential Loyalists
C00855,186,3,21235.260000000002,1,2,2,5,At Risk
C00856,9,21,299633.72000000003,4,4,4,12,Champions
C00857,305,1,463.32,1,1,1,3,Lost / Inactive
C00858,27,4,34586.299999999996,3,2,2,7,Potential Loyalists
C00859,26,14,281935.48,3,4,4,11,Champions
C00860,102,7,146403.45,2,3,4,9,Loyal Customers
C00861,38,34,777386.91,3,4,4,11,Champions
C00862,60,7,25332.98,3,3,2,8,Loyal Customers
C00863,79,3,37318.74,2,2,2,6,Potential Loyalists
C00864,89,7,70543.42,2,3,3,8,Loyal Customers
C00865,447,1,13520.95,1,1,2,4,At Risk
C00866,174,3,171880.9,1,2,4,7,Potential Loyalists
C00867,23,6,137426.99,3,3,3,9,Loyal Customers
C00868,4,8,45841.85,4,3,3,10,Champions
C00869,22,10,80477.7,4,4,3,11,Champions
C00870,4,34,689868.76,4,4,4,12,Champions
C00871,7,12,109444.37,4,4,3,11,Champions
C00872,218,1,13348.2,1,1,2,4,At Risk
C00873,19,7,39897.56,4,3,3,10,Champions
C00874,17,4,60005.39,4,2,3,9,Loyal Customers
C00875,5,38,777695.88,4,4,4,12,Champions
C00876,241,1,5456.07,1,1,1,3,Lost / Inactive
C00878,8,14,409584.45,4,4,4,12,Champions
C00879,246,1,2206.95,1,1,1,3,Lost / Inactive
C00880,33,8,105906.19,3,3,3,9,Loyal Customers
C00881,142,3,3413.17,2,2,1,5,At Risk
C00882,173,4,21622.34,1,2,2,5,At Risk
C00883,44,6,12047.359999999999,3,3,2,8,Loyal Customers
C00884,342,1,947.83,1,1,1,3,Lost / Inactive
C00885,222,5,357246.59,1,3,4,8,Loyal Customers
C00887,141,5,41442.4,2,3,3,8,Loyal Customers
C00888,60,2,5575.66,3,1,1,5,At Risk
C00889,199,3,19241.809999999998,1,2,2,5,At Risk
C00891,261,3,7102.96,1,2,1,4,At Risk
C00892,13,6,261816.1,4,3,4,11,Champions
C00893,10,9,192731.02000000002,4,4,4,12,Champions
C00894,2,4,54425.399999999994,4,2,3,9,Loyal Customers
C00895,275,1,3537.0,1,1,1,3,Lost / Inactive
C00896,217,1,1128.32,1,1,1,3,Lost / Inactive
C00897,93,4,51163.36,2,2,3,7,Potential Loyalists
C00899,81,13,488600.64,2,4,4,10,Champions
C00900,2,5,328010.59,4,3,4,11,Champions
C00901,16,6,175763.90000000002,4,3,4,11,Champions
C00902,6,6,322460.03,4,3,4,11,Champions
C00903,23,18,587682.01,3,4,4,11,Champions
C00904,186,4,122405.92,1,2,3,6,Potential Loyalists
C00905,124,7,234120.47999999998,2,3,4,9,Loyal Customers
C00906,321,1,42508.36,1,1,3,5,At Risk
C00907,233,2,9265.74,1,1,1,3,Lost / Inactive
C00908,7,12,76167.09,4,4,3,11,Champions
C00909,81,2,4573.3099999999995,2,1,1,4,At Risk
C00910,46,7,38987.39,3,3,3,9,Loyal Customers
C00911,37,14,129833.17,3,4,3,10,Champions
C00912,14,8,97579.11,4,3,3,10,Champions
C00913,26,7,43700.65,3,3,3,9,Loyal Customers
C00914,195,7,96451.72,1,3,3,7,Potential Loyalists
C00915,95,7,56066.07,2,3,3,8,Loyal Customers
C00916,31,8,88580.67000000001,3,3,3,9,Loyal Customers
C00917,26,33,289715.63,3,4,4,11,Champions
C00918,127,13,191491.89,2,4,4,10,Champions
C00919,43,8,32795.05,3,3,2,8,Loyal Customers
C00920,176,2,6902.77,1,1,1,3,Lost / Inactive
C00921,15,11,63485.04,4,4,3,11,Champions
C00922,2,10,139087.03999999998,4,4,4,12,Champions
C00923,125,10,166988.88999999998,2,4,4,10,Champions
C00925,25,18,320780.58,3,4,4,11,Champions
C00926,211,1,5164.15,1,1,1,3,Lost / Inactive
C00928,141,2,55814.520000000004,2,1,3,6,Potential Loyalists
C00929,120,7,280054.82,2,3,4,9,Loyal Customers
C00930,346,1,9708.0,1,1,1,3,Lost / Inactive
C00931,19,5,36737.9,4,3,2,9,Loyal Customers
C00933,417,1,4097.9,1,1,1,3,Lost / Inactive
C00934,71,1,20085.16,2,1,2,5,At Risk
C00935,14,8,174467.09000000003,4,3,4,11,Champions
C00938,17,6,71543.0,4,3,3,10,Champions
C00939,182,2,17939.99,1,1,2,4,At Risk
C00940,22,5,42491.38,4,3,3,10,Champions
C00941,253,12,242675.79,1,4,4,9,Loyal Customers
C00942,31,9,40646.61,3,4,3,10,Champions
C00943,57,3,75412.7,3,2,3,8,Loyal Customers
C00944,39,2,24294.390000000003,3,1,2,6,Potential Loyalists
C00945,159,3,286421.37,2,2,4,8,Loyal Customers
C00946,159,1,226607.37,2,1,4,7,Potential Loyalists
C00947,160,2,1951.42,2,1,1,4,At Risk
C00948,141,5,20519.97,2,3,2,7,Potential Loyalists
C00949,178,1,11266.15,1,1,2,4,At Risk
C00950,6,34,405510.98000000004,4,4,4,12,Champions
C00951,81,11,225444.16000000003,2,4,4,10,Champions
C00952,287,2,11838.779999999999,1,1,2,4,At Risk
C00953,28,3,116395.48,3,2,3,8,Loyal Customers
C00954,19,41,587926.7100000001,4,4,4,12,Champions
C00955,188,2,5154.43,1,1,1,3,Lost / Inactive
C00956,2,9,39103.28,4,4,3,11,Champions
C00957,80,5,21168.010000000002,2,3,2,7,Potential Loyalists
C00958,37,11,100445.02,3,4,3,10,Champions
C00959,45,5,187849.47,3,3,4,10,Champions
C00960,214,2,16899.96,1,1,2,4,At Risk
C00962,22,6,142884.3,4,3,4,11,Champions
C00963,27,16,500263.32,3,4,4,11,Champions
C00964,35,1,60683.8,3,1,3,7,Potential Loyalists
C00965,226,2,12164.93,1,1,2,4,At Risk
C00967,41,18,305355.19,3,4,4,11,Champions
C00968,17,6,38620.29,4,3,3,10,Champions
C00969,122,2,6526.48,2,1,1,4,At Risk
C00970,52,1,6990.42,3,1,1,5,At Risk
C00972,87,7,98955.27,2,3,3,8,Loyal Customers
C00973,384,2,11457.38,1,1,2,4,At Risk
C00974,77,2,6541.94,2,1,1,4,At Risk
C00975,6,58,1015895.5800000001,4,4,4,12,Champions
C00976,89,5,57863.59,2,3,3,8,Loyal Customers
C00977,266,7,45072.59,1,3,3,7,Potential Loyalists
C00978,265,1,1872.92,1,1,1,3,Lost / Inactive
C00980,343,2,22782.25,1,1,2,4,At Risk
C00981,37,5,73141.84,3,3,3,9,Loyal Customers
C00982,161,2,26905.75,2,1,2,5,At Risk
C00983,46,10,129126.93000000001,3,4,3,10,Champions
C00984,179,3,22839.14,1,2,2,5,At Risk
C00985,5,3,5798.639999999999,4,2,1,7,Potential Loyalists
C00986,38,13,367787.0,3,4,4,11,Champions
C00987,48,5,142362.13,3,3,4,10,Champions
C00988,379,1,458.1,1,1,1,3,Lost / Inactive
C00990,155,7,29593.579999999998,2,3,2,7,Potential Loyalists
C00991,43,4,245026.44,3,2,4,9,Loyal Customers
C00992,344,1,21254.18,1,1,2,4,At Risk
C00993,72,2,5390.85,2,1,1,4,At Risk
C00994,56,15,81504.62,3,4,3,10,Champions
C00995,3,35,448435.79,4,4,4,12,Champions
C00997,10,7,123270.6,4,3,3,10,Champions
C00998,46,4,26901.04,3,2,2,7,Potential Loyalists
C00999,13,1,3766.1,4,1,1,6,Potential Loyalists
C01001,45,3,224871.45,3,2,4,9,Loyal Customers
C01002,252,4,19210.649999999998,1,2,2,5,At Risk
C01003,27,22,421910.46,3,4,4,11,Champions
C01004,20,2,2954.8999999999996,4,1,1,6,Potential Loyalists
C01005,259,2,3084.39,1,1,1,3,Lost / Inactive
C01007,9,10,219606.72,4,4,4,12,Champions
C01008,15,11,705214.03,4,4,4,12,Champions
C01009,186,3,6655.86,1,2,1,4,At Risk
C01010,93,3,22950.16,2,2,2,6,Potential Loyalists
C01012,224,5,80378.98,1,3,3,7,Potential Loyalists
C01014,255,1,3084.35,1,1,1,3,Lost / Inactive
C01015,141,4,28678.59,2,2,2,6,Potential Loyalists
C01016,7,6,55423.48,4,3,3,10,Champions
C01017,31,3,252455.78,3,2,4,9,Loyal Customers
C01018,9,1,3746.48,4,1,1,6,Potential Loyalists
C01019,121,4,73487.25,2,2,3,7,Potential Loyalists
C01020,21,3,25541.54,4,2,2,8,Loyal Customers
C01022,19,14,553864.9299999999,4,4,4,12,Champions
C01024,258,1,1238.47,1,1,1,3,Lost / Inactive
C01025,102,2,1440.41,2,1,1,4,At Risk
C01026,4,33,657534.0,4,4,4,12,Champions
C01027,129,3,10377.779999999999,2,2,1,5,At Risk
C01028,23,18,326675.68,3,4,4,11,Champions
C01030,27,1,1853.28,3,1,1,5,At Risk
C01031,21,6,59826.19,4,3,3,10,Champions
C01032,66,1,819.58,2,1,1,4,At Risk
C01033,13,2,251926.07,4,1,4,9,Loyal Customers
C01035,148,11,300623.31,2,4,4,10,Champions
C01036,199,3,178787.45,1,2,4,7,Potential Loyalists
C01037,103,2,5303.9,2,1,1,4,At Risk
C01038,15,6,26798.280000000002,4,3,2,9,Loyal Customers
C01039,2,4,19480.53,4,2,2,8,Loyal Customers
C01040,232,1,6310.92,1,1,1,3,Lost / Inactive
C01041,1,1,287.27,4,1,1,6,Potential Loyalists
C01042,200,4,60726.65,1,2,3,6,Potential Loyalists
C01043,245,4,23380.78,1,2,2,5,At Risk
C01044,318,1,936.62,1,1,1,3,Lost / Inactive
C01045,190,5,46885.100000000006,1,3,3,7,Potential Loyalists
C01046,229,2,153718.23,1,1,4,6,Potential Loyalists
C01047,16,16,286077.98000000004,4,4,4,12,Champions
C01048,47,6,34062.33,3,3,2,8,Loyal Customers
C01049,20,4,230065.29,4,2,4,10,Champions
C01050,27,9,151247.7,3,4,4,11,Champions
C01051,2,22,568258.8200000001,4,4,4,12,Champions
C01052,378,2,3649.62,1,1,1,3,Lost / Inactive
C01053,318,1,12702.84,1,1,2,4,At Risk
C01055,50,19,226694.41000000003,3,4,4,11,Champions
C01056,257,1,2206.95,1,1,1,3,Lost / Inactive
C01058,92,3,28893.829999999998,2,2,2,6,Potential Loyalists
C01059,35,11,80954.62999999999,3,4,3,10,Champions
C01060,12,6,275566.64,4,3,4,11,Champions
C01061,35,9,43207.090000000004,3,4,3,10,Champions
C01062,76,6,65717.84,2,3,3,8,Loyal Customers
C01063,72,3,25831.879999999997,2,2,2,6,Potential Loyalists
C01064,126,4,12509.960000000001,2,2,2,6,Potential Loyalists
C01065,407,3,28827.93,1,2,2,5,At Risk
C01066,43,18,203069.63999999998,3,4,4,11,Champions
C01067,32,8,50525.43,3,3,3,9,Loyal Customers
C01068,40,15,60826.009999999995,3,4,3,10,Champions
C01069,53,2,153663.59000000003,3,1,4,8,Loyal Customers
C01070,122,3,14288.419999999998,2,2,2,6,Potential Loyalists
C01071,353,1,2098.56,1,1,1,3,Lost / Inactive
C01072,98,4,40567.15,2,2,3,7,Potential Loyalists
C01073,22,11,308501.64,4,4,4,12,Champions
C01075,2,1,458.1,4,1,1,6,Potential Loyalists
C01076,245,1,10678.56,1,1,1,3,Lost / Inactive
C01077,271,5,101036.82,1,3,3,7,Potential Loyalists
C01078,335,3,33961.04,1,2,2,5,At Risk
C01079,385,1,4607.6,1,1,1,3,Lost / Inactive
C01080,65,15,236898.94000000003,3,4,4,11,Champions
C01081,222,1,15421.75,1,1,2,4,At Risk
C01082,114,2,25106.45,2,1,2,5,At Risk
C01083,184,2,31728.32,1,1,2,4,At Risk
C01084,79,7,35002.12,2,3,2,7,Potential Loyalists
C01085,7,3,28712.96,4,2,2,8,Loyal Customers
C01086,50,16,300619.13,3,4,4,11,Champions
C01087,265,5,13074.81,1,3,2,6,Potential Loyalists
C01088,418,1,936.62,1,1,1,3,Lost / Inactive
C01089,77,1,861.81,2,1,1,4,At Risk
C01090,191,3,69042.95,1,2,3,6,Potential Loyalists
C01091,24,9,184522.17,3,4,4,11,Champions
C01092,38,1,9795.78,3,1,1,5,At Risk
C01093,287,2,17493.84,1,1,2,4,At Risk
C01094,238,2,3033.98,1,1,1,3,Lost / Inactive
C01095,51,14,100971.85,3,4,3,10,Champions
C01096,19,22,355129.72,4,4,4,12,Champions
C01097,72,3,4098.38,2,2,1,5,At Risk
C01098,79,3,123653.01000000001,2,2,3,7,Potential Loyalists
C01099,90,10,90395.8,2,4,3,9,Loyal Customers
C01100,47,8,239724.8,3,3,4,10,Champions
C01101,47,5,204909.29,3,3,4,10,Champions
C01102,44,4,144183.74,3,2,4,9,Loyal Customers
C01103,10,11,323962.2,4,4,4,12,Champions
C01104,222,1,1161.09,1,1,1,3,Lost / Inactive
C01106,52,5,47865.619999999995,3,3,3,9,Loyal Customers
C01107,29,3,10844.31,3,2,1,6,Potential Loyalists
C01108,6,19,289833.59,4,4,4,12,Champions
C01109,271,1,100395.78,1,1,3,5,At Risk
C01110,7,28,166022.74,4,4,4,12,Champions
C01111,100,2,1812.77,2,1,1,4,At Risk
C01112,1,5,22346.28,4,3,2,9,Loyal Customers
C01113,289,1,6310.92,1,1,1,3,Lost / Inactive
C01114,389,1,5339.28,1,1,1,3,Lost / Inactive
C01115,89,2,12298.33,2,1,2,5,At Risk
C01116,14,8,158770.27,4,3,4,11,Champions
C01117,195,2,6919.48,1,1,1,3,Lost / Inactive
C01118,103,2,43944.71,2,1,3,6,Potential Loyalists
C01119,52,3,158830.11000000002,3,2,4,9,Loyal Customers
C01121,81,9,51451.42,2,4,3,9,Loyal Customers
C01122,3,27,389092.21,4,4,4,12,Champions
C01123,137,1,6738.16,2,1,1,4,At Risk
C01124,214,2,35410.41,1,1,2,4,At Risk
C01125,35,25,521018.25,3,4,4,11,Champions
C01126,21,6,101037.67,4,3,3,10,Champions
C01127,7,6,60844.09,4,3,3,10,Champions
C01128,101,2,37887.770000000004,2,1,3,6,Potential Loyalists
C01129,7,4,24856.410000000003,4,2,2,8,Loyal Customers
C01130,6,1,9419.2,4,1,1,6,Potential Loyalists
C01131,244,2,6820.48,1,1,1,3,Lost / Inactive
C01132,113,10,84962.15,2,4,3,9,Loyal Customers
C01133,65,3,8091.18,3,2,1,6,Potential Loyalists
C01135,5,19,318825.63,4,4,4,12,Champions
C01136,50,2,73763.44,3,1,3,7,Potential Loyalists
C01137,76,20,615025.61,2,4,4,10,Champions
C01138,46,4,24920.879999999997,3,2,2,7,Potential Loyalists
C01140,116,3,2776.42,2,2,1,5,At Risk
C01141,83,6,266913.23,2,3,4,9,Loyal Customers
C01142,82,1,11074.04,2,1,2,5,At Risk
C01143,170,4,20867.96,1,2,2,5,At Risk
C01144,78,3,58336.51,2,2,3,7,Potential Loyalists
C01145,91,4,7521.5,2,2,1,5,At Risk
C01146,59,4,45338.71,3,2,3,8,Loyal Customers
C01147,17,5,214967.15,4,3,4,11,Champions
C01148,101,3,14768.63,2,2,2,6,Potential Loyalists
C01149,34,3,11859.18,3,2,2,7,Potential Loyalists
C01151,205,1,10627.09,1,1,1,3,Lost / Inactive
C01152,282,1,1032.83,1,1,1,3,Lost / Inactive
C01153,57,2,17218.04,3,1,2,6,Potential Loyalists
C01154,429,2,5230.66,1,1,1,3,Lost / Inactive
C01155,3,35,612023.64,4,4,4,12,Champions
C01156,104,2,16409.620000000003,2,1,2,5,At Risk
C01157,205,3,31640.55,1,2,2,5,At Risk
C01158,24,19,204902.47,3,4,4,11,Champions
C01159,18,17,158756.87,4,4,4,12,Champions
C01160,21,12,102858.06999999999,4,4,3,11,Champions
C01161,105,2,28229.45,2,1,2,5,At Risk
C01162,85,4,7495.17,2,2,1,5,At Risk
C01163,65,8,41336.69,3,3,3,9,Loyal Customers
C01164,30,10,54128.97,3,4,3,10,Champions
C01165,62,2,11435.32,3,1,2,6,Potential Loyalists
C01167,19,37,441321.89,4,4,4,12,Champions
C01168,189,1,4097.9,1,1,1,3,Lost / Inactive
C01169,161,2,25909.03,2,1,2,5,At Risk
C01170,199,4,29827.379999999997,1,2,2,5,At Risk
C01171,41,4,53313.27,3,2,3,8,Loyal Customers
C01173,391,1,2330.14,1,1,1,3,Lost / Inactive
C01174,1,39,653914.15,4,4,4,12,Champions
C01175,43,1,5408.38,3,1,1,5,At Risk
C01176,242,1,5164.15,1,1,1,3,Lost / Inactive
C01177,34,7,75619.74,3,3,3,9,Loyal Customers
C01178,139,7,151886.88,2,3,4,9,Loyal Customers
C01179,7,5,22407.8,4,3,2,9,Loyal Customers
C01180,121,6,32719.440000000002,2,3,2,7,Potential Loyalists
C01181,263,1,9708.0,1,1,1,3,Lost / Inactive
C01182,205,2,24697.89,1,1,2,4,At Risk
C01183,44,4,32939.94,3,2,2,7,Potential Loyalists
C01184,19,24,104356.01,4,4,3,11,Champions
C01185,56,8,47071.25,3,3,3,9,Loyal Customers
C01187,137,4,19446.61,2,2,2,6,Potential Loyalists
C01188,229,1,172.02,1,1,1,3,Lost / Inactive
C01189,66,2,1145.25,2,1,1,4,At Risk
C01190,132,5,16694.39,2,3,2,7,Potential Loyalists
C01191,19,7,16567.79,4,3,2,9,Loyal Customers
C01192,51,1,7330.59,3,1,1,5,At Risk
C01193,392,2,1527.28,1,1,1,3,Lost / Inactive
C01194,118,2,190.48000000000002,2,1,1,4,At Risk
C01195,93,3,13615.15,2,2,2,6,Potential Loyalists
C01196,47,2,98832.22,3,1,3,7,Potential Loyalists
C01197,57,17,112858.64,3,4,3,10,Champions
C01198,405,1,6310.92,1,1,1,3,Lost / Inactive
C01199,86,3,187174.85,2,2,4,8,Loyal Customers
C01200,5,108,1695824.35,4,4,4,12,Champions
C01201,163,8,148110.03,2,3,4,9,Loyal Customers
C01202,12,21,272695.4,4,4,4,12,Champions
C01203,89,2,27772.61,2,1,2,5,At Risk
C01204,51,1,2354.8,3,1,1,5,At Risk
C01205,293,2,12056.08,1,1,2,4,At Risk
C01206,197,3,8854.79,1,2,1,4,At Risk
C01207,23,4,27164.42,3,2,2,7,Potential Loyalists
C01208,280,3,99522.69,1,2,3,6,Potential Loyalists
C01209,42,2,26869.15,3,1,2,6,Potential Loyalists
C01210,452,1,8008.92,1,1,1,3,Lost / Inactive
C01211,7,8,94182.76,4,3,3,10,Champions
C01212,151,1,693.1,2,1,1,4,At Risk
C01213,182,1,2866.48,1,1,1,3,Lost / Inactive
C01214,90,8,47854.48,2,3,3,8,Loyal Customers
C01215,4,3,7321.46,4,2,1,7,Potential Loyalists
C01216,69,6,242836.41999999998,2,3,4,9,Loyal Customers
C01217,151,1,9376.06,2,1,1,4,At Risk
C01218,23,9,32448.120000000003,3,4,2,9,Loyal Customers
C01219,189,5,65189.009999999995,1,3,3,7,Potential Loyalists
C01220,70,6,253177.43,2,3,4,9,Loyal Customers
C01221,34,25,147926.33,3,4,4,11,Champions
C01222,2,48,922868.17,4,4,4,12,Champions
C01223,83,5,6718.85,2,3,1,6,Potential Loyalists
C01224,46,5,13991.08,3,3,2,8,Loyal Customers
C01225,24,3,10587.72,3,2,1,6,Potential Loyalists
C01226,216,3,95890.32,1,2,3,6,Potential Loyalists
C01227,14,59,881467.52,4,4,4,12,Champions
C01228,179,7,25512.39,1,3,2,6,Potential Loyalists
C01229,43,3,16419.7,3,2,2,7,Potential Loyalists
C01230,264,2,3304.99,1,1,1,3,Lost / Inactive
C01231,347,1,574.54,1,1,1,3,Lost / Inactive
C01232,199,1,624.76,1,1,1,3,Lost / Inactive
C01233,214,1,24489.45,1,1,2,4,At Risk
C01234,1,5,59178.58,4,3,3,10,Champions
C01236,104,8,62606.72,2,3,3,8,Loyal Customers
C01237,4,1,15777.3,4,1,2,7,Potential Loyalists
C01239,353,1,1765.56,1,1,1,3,Lost / Inactive
C01240,18,14,83666.3,4,4,3,11,Champions
C01241,342,1,11092.4,1,1,2,4,At Risk
C01242,10,4,22455.96,4,2,2,8,Loyal Customers
C01243,60,3,32212.43,3,2,2,7,Potential Loyalists
C01244,267,1,57.34,1,1,1,3,Lost / Inactive
C01245,53,7,37575.16,3,3,3,9,Loyal Customers
C01246,248,2,25652.67,1,1,2,4,At Risk
C01247,39,4,21889.969999999998,3,2,2,7,Potential Loyalists
C01248,16,7,52706.350000000006,4,3,3,10,Champions
C01249,70,9,96656.94,2,4,3,9,Loyal Customers
C01250,58,3,187137.16,3,2,4,9,Loyal Customers
C01251,144,9,49655.32000000001,2,4,3,9,Loyal Customers
C01252,219,1,10525.4,1,1,1,3,Lost / Inactive
C01253,124,1,12439.27,2,1,2,5,At Risk
C01254,225,2,23357.66,1,1,2,4,At Risk
C01255,88,2,11078.84,2,1,2,5,At Risk
C01256,367,1,1414.8,1,1,1,3,Lost / Inactive
C01257,49,6,77672.77,3,3,3,9,Loyal Customers
C01258,87,11,212075.74000000002,2,4,4,10,Champions
C01259,63,3,6970.88,3,2,1,6,Potential Loyalists
C01260,48,7,134762.41,3,3,3,9,Loyal Customers
C01261,272,2,59225.6,1,1,3,5,At Risk
C01262,388,1,1404.69,1,1,1,3,Lost / Inactive
C01263,226,1,4953.88,1,1,1,3,Lost / Inactive
C01264,27,26,286975.16000000003,3,4,4,11,Champions
C01265,133,2,8443.960000000001,2,1,1,4,At Risk
C01266,22,9,388352.63,4,4,4,12,Champions
C01268,34,7,218701.49,3,3,4,10,Champions
C01269,63,14,183773.11,3,4,4,11,Champions
C01270,149,2,6569.450000000001,2,1,1,4,At Risk
C01271,11,19,147082.35,4,4,4,12,Champions
C01273,136,2,17011.02,2,1,2,5,At Risk
C01274,123,4,191286.16,2,2,4,8,Loyal Customers
C01275,17,7,72152.09999999999,4,3,3,10,Champions
C01276,53,22,434936.7,3,4,4,11,Champions
C01277,217,2,13626.62,1,1,2,4,At Risk
C01279,273,2,10208.34,1,1,1,3,Lost / Inactive
C01280,20,16,189189.07,4,4,4,12,Champions
C01281,20,22,581825.2000000001,4,4,4,12,Champions
C01282,408,2,15366.11,1,1,2,4,At Risk
C01283,14,6,78363.78000000001,4,3,3,10,Champions
C01284,1,7,66654.25,4,3,3,10,Champions
C01285,32,10,62375.28,3,4,3,10,Champions
C01286,207,3,32509.09,1,2,2,5,At Risk
C01287,37,7,82164.76,3,3,3,9,Loyal Customers
C01288,81,4,17656.09,2,2,2,6,Potential Loyalists
C01289,336,2,7576.1900000000005,1,1,1,3,Lost / Inactive
C01291,91,4,37464.34,2,2,3,7,Potential Loyalists
C01292,28,21,559799.42,3,4,4,11,Champions
C01293,22,6,72217.17,4,3,3,10,Champions
C01294,38,11,92394.5,3,4,3,10,Champions
C01295,80,4,162506.14,2,2,4,8,Loyal Customers
C01296,60,4,15784.119999999999,3,2,2,7,Potential Loyalists
C01297,206,2,12952.98,1,1,2,4,At Risk
C01298,4,13,263719.98,4,4,4,12,Champions
C01299,274,1,1042.75,1,1,1,3,Lost / Inactive
C01300,76,9,70033.93000000001,2,4,3,9,Loyal Customers
C01301,49,4,16674.93,3,2,2,7,Potential Loyalists
C01302,65,6,32393.71,3,3,2,8,Loyal Customers
C01303,17,8,300779.18,4,3,4,11,Champions
C01304,5,6,104280.25,4,3,3,10,Champions
C01305,51,4,60120.82,3,2,3,8,Loyal Customers
C01306,157,4,56424.97,2,2,3,7,Potential Loyalists
C01307,7,33,735124.13,4,4,4,12,Champions
C01308,31,10,28433.46,3,4,2,9,Loyal Customers
C01309,117,3,9513.49,2,2,1,5,At Risk
C01310,26,14,390796.43,3,4,4,11,Champions
C01311,246,1,10678.56,1,1,1,3,Lost / Inactive
C01312,16,50,556444.46,4,4,4,12,Champions
C01313,17,8,80061.42,4,3,3,10,Champions
C01314,190,2,13411.92,1,1,2,4,At Risk
C01315,189,1,9774.12,1,1,1,3,Lost / Inactive
C01316,261,2,15450.96,1,1,2,4,At Risk
C01317,37,11,121367.65000000001,3,4,3,10,Champions
C01318,171,5,96907.11,1,3,3,7,Potential Loyalists
C01319,5,4,10944.98,4,2,2,8,Loyal Customers
C01320,204,2,27500.98,1,1,2,4,At Risk
C01321,85,8,29954.02,2,3,2,7,Potential Loyalists
C01322,389,1,27685.1,1,1,2,4,At Risk
C01323,139,2,60289.27,2,1,3,6,Potential Loyalists
C01324,111,4,40880.1,2,2,3,7,Potential Loyalists
C01328,9,13,251972.45,4,4,4,12,Champions
C01329,272,3,33301.1,1,2,2,5,At Risk
C01330,33,3,48549.67,3,2,3,8,Loyal Customers
C01331,169,5,66032.81,1,3,3,7,Potential Loyalists
C01332,50,4,17049.85,3,2,2,7,Potential Loyalists
C01333,51,4,42783.04,3,2,3,8,Loyal Customers
C01335,68,6,170989.22,2,3,4,9,Loyal Customers
C01336,106,8,263092.27,2,3,4,9,Loyal Customers
C01337,29,1,2330.14,3,1,1,5,At Risk
C01338,15,4,11230.9,4,2,2,8,Loyal Customers
C01339,211,1,24489.45,1,1,2,4,At Risk
C01341,34,10,106104.48,3,4,3,10,Champions
C01342,24,10,46026.240000000005,3,4,3,10,Champions
C01343,76,7,18299.17,2,3,2,7,Potential Loyalists
C01344,280,2,2449.15,1,1,1,3,Lost / Inactive
C01345,53,11,356764.84,3,4,4,11,Champions
C01346,67,2,7370.95,2,1,1,4,At Risk
C01347,47,2,29668.05,3,1,2,6,Potential Loyalists
C01348,9,3,133062.45,4,2,3,9,Loyal Customers
C01349,42,9,82373.34,3,4,3,10,Champions
C01350,23,10,135267.37,3,4,3,10,Champions
C01351,108,3,208401.55,2,2,4,8,Loyal Customers
C01352,126,1,7279.02,2,1,1,4,At Risk
C01353,128,7,49089.22,2,3,3,8,Loyal Customers
C01354,3,28,293448.08999999997,4,4,4,12,Champions
C01355,30,4,109267.32,3,2,3,8,Loyal Customers
C01356,38,9,54608.86,3,4,3,10,Champions
C01357,19,3,116983.41,4,2,3,9,Loyal Customers
C01358,26,14,367710.84,3,4,4,11,Champions
C01359,13,4,29312.49,4,2,2,8,Loyal Customers
C01360,149,3,38760.14,2,2,3,7,Potential Loyalists
C01361,35,3,35950.420000000006,3,2,2,7,Potential Loyalists
C01362,4,16,364405.58,4,4,4,12,Champions
C01363,367,2,3032.64,1,1,1,3,Lost / Inactive
C01364,161,3,409948.25,2,2,4,8,Loyal Customers
C01365,41,3,2027.4099999999999,3,2,1,6,Potential Loyalists
C01366,179,1,14246.01,1,1,2,4,At Risk
C01367,4,12,146673.04,4,4,4,12,Champions
C01368,283,2,100923.4,1,1,3,5,At Risk
C01369,16,8,169590.21999999997,4,3,4,11,Champions
C01370,76,3,10678.99,2,2,1,5,At Risk
C01371,1,103,1055492.07,4,4,4,12,Champions
C01372,26,2,16560.54,3,1,2,6,Potential Loyalists
C01374,298,1,13348.2,1,1,2,4,At Risk
C01375,25,13,225645.05,3,4,4,11,Champions
C01376,205,3,60689.149999999994,1,2,3,6,Potential Loyalists
C01377,81,2,12148.39,2,1,2,5,At Risk
C01378,47,8,43713.659999999996,3,3,3,9,Loyal Customers
C01379,37,11,18079.129999999997,3,4,2,9,Loyal Customers
C01380,13,9,29109.160000000003,4,4,2,10,Champions
C01381,62,1,1153.35,3,1,1,5,At Risk
C01382,213,1,1324.17,1,1,1,3,Lost / Inactive
C01383,7,6,46832.78,4,3,3,10,Champions
C01384,21,4,61473.630000000005,4,2,3,9,Loyal Customers
C01386,39,3,11015.9,3,2,2,7,Potential Loyalists
C01387,12,29,718854.83,4,4,4,12,Champions
C01389,13,7,401223.52999999997,4,3,4,11,Champions
C01390,119,3,9509.31,2,2,1,5,At Risk
C01391,75,7,70635.32,2,3,3,8,Loyal Customers
C01392,105,5,180765.31,2,3,4,9,Loyal Customers
C01393,281,2,49777.72,1,1,3,5,At Risk
C01394,70,6,32248.99,2,3,2,7,Potential Loyalists
C01395,1,11,82825.23,4,4,3,11,Champions
C01396,77,3,14198.48,2,2,2,6,Potential Loyalists
C01397,100,7,150970.19,2,3,4,9,Loyal Customers
C01398,10,11,153767.09,4,4,4,12,Champions
C01399,1,6,23856.7,4,3,2,9,Loyal Customers
C01400,99,3,5820.48,2,2,1,5,At Risk
C01401,289,2,153871.99000000002,1,1,4,6,Potential Loyalists
C01402,20,6,31186.93,4,3,2,9,Loyal Customers
C01403,449,1,10925.3,1,1,1,3,Lost / Inactive
C01404,2,34,849905.6799999999,4,4,4,12,Champions
C01405,7,43,766162.17,4,4,4,12,Champions
C01406,241,1,2706.9,1,1,1,3,Lost / Inactive
C01407,291,1,22148.08,1,1,2,4,At Risk
C01408,101,4,8475.73,2,2,1,5,At Risk
C01409,14,27,161501.29,4,4,4,12,Champions
C01410,96,1,7727.97,2,1,1,4,At Risk
C01411,320,2,4362.18,1,1,1,3,Lost / Inactive
C01412,70,15,177849.47,2,4,4,10,Champions
C01413,53,2,1143.33,3,1,1,5,At Risk
C01416,81,5,146172.71,2,3,4,9,Loyal Customers
C01417,224,4,32711.99,1,2,2,5,At Risk
C01418,74,3,168537.75,2,2,4,8,Loyal Customers
C01419,10,16,333486.12,4,4,4,12,Champions
C01420,54,5,4553.610000000001,3,3,1,7,Potential Loyalists
C01421,8,5,71174.92,4,3,3,10,Champions
C01423,24,3,12910.919999999998,3,2,2,7,Potential Loyalists
C01424,355,1,2427.0,1,1,1,3,Lost / Inactive
C01425,69,2,18479.91,2,1,2,5,At Risk
C01426,41,2,2860.4,3,1,1,5,At Risk
C01427,64,6,77548.31,3,3,3,9,Loyal Customers
C01428,127,2,5471.76,2,1,1,4,At Risk
C01429,198,1,7727.97,1,1,1,3,Lost / Inactive
C01430,105,5,45158.67,2,3,3,8,Loyal Customers
C01431,45,8,73502.86,3,3,3,9,Loyal Customers
C01433,370,3,38298.24,1,2,3,6,Potential Loyalists
C01434,276,3,8279.93,1,2,1,4,At Risk
C01435,136,3,83761.49,2,2,3,7,Potential Loyalists
C01436,40,14,378531.95,3,4,4,11,Champions
C01437,183,5,39066.99,1,3,3,7,Potential Loyalists
C01438,322,1,3791.32,1,1,1,3,Lost / Inactive
C01439,247,2,207058.47,1,1,4,6,Potential Loyalists
C01440,1,24,346995.01,4,4,4,12,Champions
C01441,222,1,882.78,1,1,1,3,Lost / Inactive
C01442,3,10,54405.270000000004,4,4,3,11,Champions
C01443,54,7,129406.75,3,3,3,9,Loyal Customers
C01444,64,5,49653.26000000001,3,3,3,9,Loyal Customers
C01445,281,1,5246.4,1,1,1,3,Lost / Inactive
C01446,136,3,18358.44,2,2,2,6,Potential Loyalists
C01447,168,1,210.85,1,1,1,3,Lost / Inactive
C01448,2,6,27705.870000000003,4,3,2,9,Loyal Customers
C01449,57,11,178764.72,3,4,4,11,Champions
C01450,59,5,60506.07,3,3,3,9,Loyal Customers
C01451,324,1,1872.92,1,1,1,3,Lost / Inactive
C01452,3,6,30546.85,4,3,2,9,Loyal Customers
C01453,59,7,111263.09999999999,3,3,3,9,Loyal Customers
C01454,13,20,150090.72,4,4,4,12,Champions
C01455,37,3,20387.1,3,2,2,7,Potential Loyalists
C01456,34,2,119862.86,3,1,3,7,Potential Loyalists
C01457,307,1,3746.48,1,1,1,3,Lost / Inactive
C01458,26,7,65337.28,3,3,3,9,Loyal Customers
C01459,79,1,5164.15,2,1,1,4,At Risk
C01460,95,12,60577.119999999995,2,4,3,9,Loyal Customers
C01461,363,1,24273.52,1,1,2,4,At Risk
C01462,71,13,156999.43,2,4,4,10,Champions
C01463,16,14,294408.57,4,4,4,12,Champions
C01464,25,13,108104.20999999999,3,4,3,10,Champions
C01465,21,2,6147.41,4,1,1,6,Potential Loyalists
C01466,15,7,41391.549999999996,4,3,3,10,Champions
C01467,246,1,3227.46,1,1,1,3,Lost / Inactive
C01468,10,2,2194.35,4,1,1,6,Potential Loyalists
C01469,451,1,7064.4,1,1,1,3,Lost / Inactive
C01470,88,10,27145.670000000002,2,4,2,8,Loyal Customers
C01472,5,13,67839.3,4,4,3,11,Champions
C01474,189,5,36752.37,1,3,2,6,Potential Loyalists
C01475,120,2,23024.55,2,1,2,5,At Risk
C01476,26,10,187484.11000000002,3,4,4,11,Champions
C01477,310,4,23196.129999999997,1,2,2,5,At Risk
C01478,10,18,280400.24,4,4,4,12,Champions
C01479,105,3,9621.3,2,2,1,5,At Risk
C01480,74,22,380962.45,2,4,4,10,Champions
C01481,101,1,1517.45,2,1,1,4,At Risk
C01482,77,1,1561.9,2,1,1,4,At Risk
C01483,60,5,71322.47,3,3,3,9,Loyal Customers
C01484,11,10,236228.74,4,4,4,12,Champions
C01485,46,3,10139.12,3,2,1,6,Potential Loyalists
C01486,84,15,193959.49,2,4,4,10,Champions
C01487,213,1,1151.9,1,1,1,3,Lost / Inactive
C01488,19,4,93145.09,4,2,3,9,Loyal Customers
C01490,29,1,31881.27,3,1,2,6,Potential Loyalists
C01491,53,2,12052.81,3,1,2,6,Potential Loyalists
C01492,29,18,206483.2,3,4,4,11,Champions
C01493,2,45,820527.93,4,4,4,12,Champions
C01494,182,7,35051.95,1,3,2,6,Potential Loyalists
C01495,28,12,254884.26,3,4,4,11,Champions
C01496,15,1,947.83,4,1,1,6,Potential Loyalists
C01497,84,6,13715.23,2,3,2,7,Potential Loyalists
C01498,208,2,20350.920000000002,1,1,2,4,At Risk
C01499,358,2,9399.22,1,1,1,3,Lost / Inactive
C01500,274,1,38659.65,1,1,3,5,At Risk
C01501,176,3,9687.130000000001,1,2,1,4,At Risk
C01502,38,4,115278.0,3,2,3,8,Loyal Customers
C01503,199,6,90669.11,1,3,3,7,Potential Loyalists
C01504,55,6,35464.340000000004,3,3,2,8,Loyal Customers
C01505,15,20,188225.83,4,4,4,12,Champions
C01506,33,7,43915.23,3,3,3,9,Loyal Customers
C01507,396,1,114.68,1,1,1,3,Lost / Inactive
C01508,135,2,10820.140000000001,2,1,1,4,At Risk
C01509,93,4,38134.76,2,2,3,7,Potential Loyalists
C01510,45,21,243207.0,3,4,4,11,Champions
C01511,1,46,530696.28,4,4,4,12,Champions
C01512,46,6,10362.74,3,3,1,7,Potential Loyalists
C01513,293,4,38296.88,1,2,3,6,Potential Loyalists
C01514,37,7,250872.58000000002,3,3,4,10,Champions
C01516,155,4,159338.69,2,2,4,8,Loyal Customers
C01517,8,5,191609.96,4,3,4,11,Champions
C01518,7,14,287377.94,4,4,4,12,Champions
C01519,9,39,399686.26,4,4,4,12,Champions
C01520,132,1,16290.99,2,1,2,5,At Risk
C01521,35,7,53142.46,3,3,3,9,Loyal Customers
C01522,11,18,138644.1,4,4,4,12,Champions
C01523,8,6,29888.929999999997,4,3,2,9,Loyal Customers
C01524,70,1,3603.72,2,1,1,4,At Risk
C01525,116,5,7447.820000000001,2,3,1,6,Potential Loyalists
C01526,173,3,24928.02,1,2,2,5,At Risk
C01527,34,8,217280.56000000003,3,3,4,10,Champions
C01528,133,7,42439.74,2,3,3,8,Loyal Customers
C01529,5,8,45302.56,4,3,3,10,Champions
C01531,182,4,122168.99,1,2,3,6,Potential Loyalists
C01532,30,6,29502.690000000002,3,3,2,8,Loyal Customers
C01533,209,3,18719.079999999998,1,2,2,5,At Risk
C01534,1,57,1106544.73,4,4,4,12,Champions
C01535,172,2,318668.44,1,1,4,6,Potential Loyalists
C01536,55,3,17144.72,3,2,2,7,Potential Loyalists
C01537,16,19,278305.42000000004,4,4,4,12,Champions
C01539,10,9,216968.07,4,4,4,12,Champions
C01540,31,7,216195.07,3,3,4,10,Champions
C01541,440,1,10444.85,1,1,1,3,Lost / Inactive
C01542,40,12,75589.33,3,4,3,10,Champions
C01544,407,2,56204.09,1,1,3,5,At Risk
C01545,121,1,8585.24,2,1,1,4,At Risk
C01546,46,3,14450.2,3,2,2,7,Potential Loyalists
C01547,33,13,171818.42,3,4,4,11,Champions
C01548,4,7,69015.87,4,3,3,10,Champions
C01549,197,1,2704.19,1,1,1,3,Lost / Inactive
C01550,6,6,190377.12,4,3,4,11,Champions
C01551,58,9,108944.64,3,4,3,10,Champions
C01552,71,11,219415.26,2,4,4,10,Champions
C01553,362,3,48450.8,1,2,3,6,Potential Loyalists
C01554,37,13,209273.15000000002,3,4,4,11,Champions
C01555,301,2,17522.61,1,1,2,4,At Risk
C01556,15,10,86177.2,4,4,3,11,Champions
C01557,23,47,718539.13,3,4,4,11,Champions
C01558,200,3,14878.53,1,2,2,5,At Risk
C01559,138,4,19070.78,2,2,2,6,Potential Loyalists
C01560,15,1,10925.3,4,1,1,6,Potential Loyalists
C01562,118,2,2488.71,2,1,1,4,At Risk
C01563,65,6,25356.82,3,3,2,8,Loyal Customers
C01564,169,4,11113.529999999999,1,2,2,5,At Risk
C01565,44,3,19117.34,3,2,2,7,Potential Loyalists
C01566,246,3,12328.78,1,2,2,5,At Risk
C01567,106,2,6802.09,2,1,1,4,At Risk
C01568,13,2,3349.43,4,1,1,6,Potential Loyalists
C01569,43,8,118875.63999999998,3,3,3,9,Loyal Customers
C01571,3,41,1186088.08,4,4,4,12,Champions
C01572,54,3,10641.76,3,2,1,6,Potential Loyalists
C01573,4,28,684694.55,4,4,4,12,Champions
C01574,43,1,2151.64,3,1,1,5,At Risk
C01575,9,7,59512.009999999995,4,3,3,10,Champions
C01576,96,5,18795.27,2,3,2,7,Potential Loyalists
C01577,31,3,201565.72999999998,3,2,4,9,Loyal Customers
C01578,21,5,14060.73,4,3,2,9,Loyal Customers
C01579,29,35,352419.36,3,4,4,11,Champions
C01580,49,3,7592.16,3,2,1,6,Potential Loyalists
C01581,69,6,64370.16,2,3,3,8,Loyal Customers
C01582,12,9,319921.54,4,4,4,12,Champions
C01583,28,5,49868.98,3,3,3,9,Loyal Customers
C01584,24,5,226753.79,3,3,4,10,Champions
C01585,162,1,45943.85,2,1,3,6,Potential Loyalists
C01586,46,15,372242.23,3,4,4,11,Champions
C01587,10,6,355798.22,4,3,4,11,Champions
C01588,12,5,165787.85,4,3,4,11,Champions
C01589,449,1,3069.92,1,1,1,3,Lost / Inactive
C01590,285,2,1863.26,1,1,1,3,Lost / Inactive
C01591,80,8,61003.5,2,3,3,8,Loyal Customers
C01592,49,9,33686.61,3,4,2,9,Loyal Customers
C01593,200,4,15533.74,1,2,2,5,At Risk
C01594,48,4,23839.629999999997,3,2,2,7,Potential Loyalists
C01595,395,1,23195.79,1,1,2,4,At Risk
C01596,9,6,140945.97,4,3,4,11,Champions
C01597,79,2,12738.970000000001,2,1,2,5,At Risk
C01598,44,4,22504.58,3,2,2,7,Potential Loyalists
C01599,96,3,122927.18,2,2,3,7,Potential Loyalists
C01600,31,28,703871.5599999999,3,4,4,11,Champions
C01601,7,1,5164.15,4,1,1,6,Potential Loyalists
C01602,94,3,18851.879999999997,2,2,2,6,Potential Loyalists
C01603,121,1,2706.9,2,1,1,4,At Risk
C01604,76,3,24903.789999999997,2,2,2,6,Potential Loyalists
C01605,329,1,6655.44,1,1,1,3,Lost / Inactive
C01606,107,11,340328.67,2,4,4,10,Champions
C01607,17,5,58869.81,4,3,3,10,Champions
C01608,42,1,1454.34,3,1,1,5,At Risk
C01609,4,1,3012.88,4,1,1,6,Potential Loyalists
C01610,84,12,217956.5,2,4,4,10,Champions
C01611,94,3,5450.28,2,2,1,5,At Risk
C01614,146,7,26889.97,2,3,2,7,Potential Loyalists
C01615,74,12,81891.37,2,4,3,9,Loyal Customers
C01616,367,2,1902.44,1,1,1,3,Lost / Inactive
C01618,32,7,275393.47,3,3,4,10,Champions
C01619,114,3,21459.29,2,2,2,6,Potential Loyalists
C01620,59,1,42508.36,3,1,3,7,Potential Loyalists
C01621,83,10,294315.07,2,4,4,10,Champions
C01623,49,1,12621.84,3,1,2,6,Potential Loyalists
C01624,42,4,10300.6,3,2,1,6,Potential Loyalists
C01625,57,14,71454.59,3,4,3,10,Champions
C01626,85,8,228923.9,2,3,4,9,Loyal Customers
C01627,2,26,247901.12,4,4,4,12,Champions
C01628,91,2,20466.11,2,1,2,5,At Risk
C01630,95,5,106809.01000000001,2,3,3,8,Loyal Customers
C01631,58,4,19780.61,3,2,2,7,Potential Loyalists
C01632,19,6,25944.260000000002,4,3,2,9,Loyal Customers
C01633,66,4,45751.32000000001,2,2,3,7,Potential Loyalists
C01634,267,3,8097.339999999999,1,2,1,4,At Risk
C01636,86,12,512952.4,2,4,4,10,Champions
C01638,22,10,77348.31,4,4,3,11,Champions
C01639,375,1,5019.24,1,1,1,3,Lost / Inactive
C01640,161,9,40968.62,2,4,3,9,Loyal Customers
C01641,56,8,26825.02,3,3,2,8,Loyal Customers
C01642,195,1,2631.35,1,1,1,3,Lost / Inactive
C01643,2,50,563293.52,4,4,4,12,Champions
C01644,160,4,7951.3,2,2,1,5,At Risk
C01645,115,4,16392.88,2,2,2,6,Potential Loyalists
C01646,27,5,181887.44,3,3,4,10,Champions
C01648,63,9,37494.200000000004,3,4,3,10,Champions
C01649,56,9,30156.26,3,4,2,9,Loyal Customers
C01650,246,2,20083.11,1,1,2,4,At Risk
C01651,13,7,151662.84,4,3,4,11,Champions
C01652,109,6,51116.9,2,3,3,8,Loyal Customers
C01653,99,1,1249.52,2,1,1,4,At Risk
C01654,90,4,41642.03,2,2,3,7,Potential Loyalists
C01656,215,2,3611.1600000000003,1,1,1,3,Lost / Inactive
C01657,8,14,122014.67,4,4,3,11,Champions
C01658,64,7,39227.04,3,3,3,9,Loyal Customers
C01659,225,4,40890.71,1,2,3,6,Potential Loyalists
C01660,94,5,21423.58,2,3,2,7,Potential Loyalists
C01661,11,13,100034.82,4,4,3,11,Champions
C01662,6,4,4703.5,4,2,1,7,Potential Loyalists
C01663,19,12,66538.95999999999,4,4,3,11,Champions
C01664,19,10,218662.47,4,4,4,12,Champions
C01666,121,2,5013.09,2,1,1,4,At Risk
C01667,47,7,75572.94,3,3,3,9,Loyal Customers
C01668,9,7,61844.45,4,3,3,10,Champions
C01669,32,7,44801.9,3,3,3,9,Loyal Customers
C01670,36,3,2270.3,3,2,1,6,Potential Loyalists
C01671,122,2,37651.25,2,1,3,6,Potential Loyalists
C01672,81,3,12430.77,2,2,2,6,Potential Loyalists
C01673,16,7,59630.649999999994,4,3,3,10,Champions
C01674,143,3,30533.379999999997,2,2,2,6,Potential Loyalists
C01675,129,4,17611.71,2,2,2,6,Potential Loyalists
C01677,62,2,6373.12,3,1,1,5,At Risk
C01678,267,2,15549.59,1,1,2,4,At Risk
C01679,265,1,861.81,1,1,1,3,Lost / Inactive
C01680,125,4,18924.73,2,2,2,6,Potential Loyalists
C01681,260,1,250989.45,1,1,4,6,Potential Loyalists
C01682,65,17,91746.17,3,4,3,10,Champions
C01683,56,4,13721.22,3,2,2,7,Potential Loyalists
C01684,93,2,13128.16,2,1,2,5,At Risk
C01685,179,2,16655.95,1,1,2,4,At Risk
C01686,5,3,168353.81,4,2,4,10,Champions
C01687,269,2,18053.1,1,1,2,4,At Risk
C01688,1,50,578476.82,4,4,4,12,Champions
C01689,10,5,12291.699999999999,4,3,2,9,Loyal Customers
C01691,23,5,81602.72,3,3,3,9,Loyal Customers
C01692,148,3,6974.26,2,2,1,5,At Risk
C01693,93,2,11637.68,2,1,2,5,At Risk
C01694,48,8,66467.71,3,3,3,9,Loyal Customers
C01695,115,2,21314.32,2,1,2,5,At Risk
C01696,21,8,72167.04,4,3,3,10,Champions
C01697,47,27,289205.29,3,4,4,11,Champions
C01699,84,4,83368.86,2,2,3,7,Potential Loyalists
C01702,77,2,2878.14,2,1,1,4,At Risk
C01703,4,13,228116.66,4,4,4,12,Champions
C01704,9,10,83438.53,4,4,3,11,Champions
C01705,61,6,17878.46,3,3,2,8,Loyal Customers
C01706,100,3,7266.289999999999,2,2,1,5,At Risk
C01707,29,13,93378.05,3,4,3,10,Champions
C01708,229,1,260.55,1,1,1,3,Lost / Inactive
C01709,153,2,11951.08,2,1,2,5,At Risk
C01710,78,3,116504.25,2,2,3,7,Potential Loyalists
C01711,376,1,25106.45,1,1,2,4,At Risk
C01712,15,25,309582.97,4,4,4,12,Champions
C01713,125,3,4764.96,2,2,1,5,At Risk
C01714,18,12,114727.89,4,4,3,11,Champions
C01715,55,8,218361.6,3,3,4,10,Champions
C01716,36,6,79186.05,3,3,3,9,Loyal Customers
C01718,203,2,5968.05,1,1,1,3,Lost / Inactive
C01719,40,12,83380.8,3,4,3,10,Champions
C01720,324,1,24273.52,1,1,2,4,At Risk
C01721,10,35,255063.51,4,4,4,12,Champions
C01722,82,3,4617.93,2,2,1,5,At Risk
C01723,8,5,41051.16,4,3,3,10,Champions
C01724,419,1,1128.32,1,1,1,3,Lost / Inactive
C01725,3,12,136498.51,4,4,3,11,Champions
C01726,168,3,155437.32,1,2,4,7,Potential Loyalists
C01727,73,4,15851.16,2,2,2,6,Potential Loyalists
C01728,38,5,236543.13999999998,3,3,4,10,Champions
C01729,97,6,35739.119999999995,2,3,2,7,Potential Loyalists
C01731,116,2,49968.11,2,1,3,6,Potential Loyalists
C01732,186,3,254424.27000000002,1,2,4,7,Potential Loyalists
C01733,20,2,14104.58,4,1,2,7,Potential Loyalists
C01734,61,5,61056.0,3,3,3,9,Loyal Customers
C01735,39,3,13945.62,3,2,2,7,Potential Loyalists
C01736,283,3,5698.33,1,2,1,4,At Risk
C01737,191,1,4604.88,1,1,1,3,Lost / Inactive
C01738,79,1,6192.35,2,1,1,4,At Risk
C01739,258,1,1853.28,1,1,1,3,Lost / Inactive
C01740,25,2,13544.52,3,1,2,6,Potential Loyalists
C01741,223,1,4197.12,1,1,1,3,Lost / Inactive
C01743,130,2,3387.49,2,1,1,4,At Risk
C01744,84,2,20073.53,2,1,2,5,At Risk
C01745,170,3,7382.45,1,2,1,4,At Risk
C01746,22,2,19435.260000000002,4,1,2,7,Potential Loyalists
C01747,315,1,417.1,1,1,1,3,Lost / Inactive
C01748,69,3,38176.95,2,2,3,7,Potential Loyalists
C01750,130,4,137989.62000000002,2,2,3,7,Potential Loyalists
C01751,59,8,139796.38,3,3,4,10,Champions
C01752,377,1,7727.97,1,1,1,3,Lost / Inactive
C01753,2,97,946272.1699999999,4,4,4,12,Champions
C01755,69,9,159740.97000000003,2,4,4,10,Champions
C01756,66,9,217282.03000000003,2,4,4,10,Champions
C01757,138,1,278343.66,2,1,4,7,Potential Loyalists
C01759,19,6,73990.6,4,3,3,10,Champions
C01760,24,12,104102.87,3,4,3,10,Champions
C01763,33,4,82722.84999999999,3,2,3,8,Loyal Customers
C01764,96,2,5037.61,2,1,1,4,At Risk
C01765,38,14,355803.64999999997,3,4,4,11,Champions
C01766,15,8,175035.4,4,3,4,11,Champions
C01767,362,1,6351.42,1,1,1,3,Lost / Inactive
C01768,7,1,10816.76,4,1,1,6,Potential Loyalists
C01769,165,2,6129.22,1,1,1,3,Lost / Inactive
C01770,36,9,155980.75,3,4,4,11,Champions
C01771,1,13,74621.71,4,4,3,11,Champions
C01772,259,1,2098.56,1,1,1,3,Lost / Inactive
C01773,210,1,25106.45,1,1,2,4,At Risk
C01774,8,21,225713.18,4,4,4,12,Champions
C01775,109,2,102844.41,2,1,3,6,Potential Loyalists
C01776,58,4,103951.43,3,2,3,8,Loyal Customers
C01777,211,1,12879.95,1,1,2,4,At Risk
C01778,351,1,458.1,1,1,1,3,Lost / Inactive
C01779,258,1,6438.93,1,1,1,3,Lost / Inactive
C01780,20,29,592397.17,4,4,4,12,Champions
C01781,170,3,5114.15,1,2,1,4,At Risk
C01782,17,5,5115.87,4,3,1,8,Loyal Customers
C01783,101,3,60484.829999999994,2,2,3,7,Potential Loyalists
C01784,26,7,247582.54,3,3,4,10,Champions
C01785,346,3,9969.32,1,2,1,4,At Risk
C01786,200,2,27070.68,1,1,2,4,At Risk
C01787,18,5,28885.07,4,3,2,9,Loyal Customers
C01788,48,6,37268.21,3,3,2,8,Loyal Customers
C01791,72,3,112350.55,2,2,3,7,Potential Loyalists
C01793,13,27,450225.57,4,4,4,12,Champions
C01794,335,2,8358.32,1,1,1,3,Lost / Inactive
C01795,14,2,3641.22,4,1,1,6,Potential Loyalists
C01796,325,2,4509.16,1,1,1,3,Lost / Inactive
C01797,40,8,46901.649999999994,3,3,3,9,Loyal Customers
C01798,14,6,110568.06999999999,4,3,3,10,Champions
C01799,182,9,188063.37000000002,1,4,4,9,Loyal Customers
C01800,202,3,24653.420000000002,1,2,2,5,At Risk
C01801,301,1,468.23,1,1,1,3,Lost / Inactive
C01802,13,36,581712.7,4,4,4,12,Champions
C01803,25,4,28606.410000000003,3,2,2,7,Potential Loyalists
C01804,302,1,1049.28,1,1,1,3,Lost / Inactive
C01805,91,8,21431.08,2,3,2,7,Potential Loyalists
C01806,54,7,62929.34,3,3,3,9,Loyal Customers
C01807,312,1,7727.97,1,1,1,3,Lost / Inactive
C01808,28,12,49747.26,3,4,3,10,Champions
C01809,124,2,56891.899999999994,2,1,3,6,Potential Loyalists
C01810,106,5,280109.57,2,3,4,9,Loyal Customers
C01811,350,1,926.64,1,1,1,3,Lost / Inactive
C01812,192,7,46503.06999999999,1,3,3,7,Potential Loyalists
C01813,104,3,4068.88,2,2,1,5,At Risk
C01815,30,23,252415.29,3,4,4,11,Champions
C01816,39,2,167996.51,3,1,4,8,Loyal Customers
C01817,52,1,1673.08,3,1,1,5,At Risk
C01818,372,2,1991.22,1,1,1,3,Lost / Inactive
C01819,310,1,937.14,1,1,1,3,Lost / Inactive
C01820,289,1,2146.31,1,1,1,3,Lost / Inactive
C01821,160,1,11176.15,2,1,2,5,At Risk
C01823,121,3,9062.74,2,2,1,5,At Risk
C01824,22,3,5933.549999999999,4,2,1,7,Potential Loyalists
C01825,137,2,25933.88,2,1,2,5,At Risk
C01826,241,5,64201.75,1,3,3,7,Potential Loyalists
C01827,263,3,19955.27,1,2,2,5,At Risk
C01829,31,15,444216.42000000004,3,4,4,11,Champions
C01830,87,7,96316.4,2,3,3,8,Loyal Customers
C01831,193,1,4897.89,1,1,1,3,Lost / Inactive
C01832,386,1,2088.97,1,1,1,3,Lost / Inactive
C01833,88,4,20858.47,2,2,2,6,Potential Loyalists
C01834,252,5,44340.2,1,3,3,7,Potential Loyalists
C01835,9,23,95508.70999999999,4,4,3,11,Champions
C01836,1,1,93642.4,4,1,3,8,Loyal Customers
C01837,156,3,118458.62,2,2,3,7,Potential Loyalists
C01838,27,14,58053.64,3,4,3,10,Champions
C01839,176,3,6358.05,1,2,1,4,At Risk
C01840,271,2,20338.620000000003,1,1,2,4,At Risk
C01841,115,2,2771.12,2,1,1,4,At Risk
C01843,211,1,208.55,1,1,1,3,Lost / Inactive
C01844,59,8,55937.340000000004,3,3,3,9,Loyal Customers
C01845,35,2,15769.68,3,1,2,6,Potential Loyalists
C01847,92,7,57852.51,2,3,3,8,Loyal Customers
C01848,198,1,5408.38,1,1,1,3,Lost / Inactive
C01849,152,3,155680.62,2,2,4,8,Loyal Customers
C01850,98,1,31881.27,2,1,2,5,At Risk
C01851,5,2,9810.54,4,1,1,6,Potential Loyalists
C01852,32,2,191054.12,3,1,4,8,Loyal Customers
C01853,5,12,66831.72,4,4,3,11,Champions
C01855,147,3,13105.8,2,2,2,6,Potential Loyalists
C01857,11,25,371012.66000000003,4,4,4,12,Champions
C01858,12,3,146317.01,4,2,4,10,Champions
C01859,4,22,128064.43000000001,4,4,3,11,Champions
C01860,254,1,1410.4,1,1,1,3,Lost / Inactive
C01861,14,7,28072.489999999998,4,3,2,9,Loyal Customers
C01862,48,21,445730.14,3,4,4,11,Champions
C01863,55,10,120737.64,3,4,3,10,Champions
C01864,351,1,6438.93,1,1,1,3,Lost / Inactive
C01868,45,9,47261.87,3,4,3,10,Champions
C01869,48,6,76209.79,3,3,3,9,Loyal Customers
C01870,94,6,224831.83000000002,2,3,4,9,Loyal Customers
C01871,91,1,2669.64,2,1,1,4,At Risk
C01872,416,1,926.64,1,1,1,3,Lost / Inactive
C01874,174,2,6385.33,1,1,1,3,Lost / Inactive
C01875,137,12,160243.78,2,4,4,10,Champions
C01876,34,3,254614.80000000002,3,2,4,9,Loyal Customers
C01877,6,9,210728.13,4,4,4,12,Champions
C01878,158,4,147161.37,2,2,4,8,Loyal Customers
C01879,58,18,128701.51,3,4,3,10,Champions
C01880,38,3,23643.17,3,2,2,7,Potential Loyalists
C01881,112,2,2810.8100000000004,2,1,1,4,At Risk
C01882,12,2,10499.21,4,1,1,6,Potential Loyalists
C01883,206,1,1032.83,1,1,1,3,Lost / Inactive
C01884,1,6,57090.9,4,3,3,10,Champions
C01885,10,5,236119.18,4,3,4,11,Champions
C01886,243,1,6139.84,1,1,1,3,Lost / Inactive
C01887,81,6,35869.05,2,3,2,7,Potential Loyalists
C01888,96,5,15027.05,2,3,2,7,Potential Loyalists
C01889,19,2,45535.61,4,1,3,8,Loyal Customers
C01890,67,4,26592.27,2,2,2,6,Potential Loyalists
C01891,22,10,64485.61,4,4,3,11,Champions
C01892,3,2,3182.97,4,1,1,6,Potential Loyalists
C01893,24,10,37697.649999999994,3,4,3,10,Champions
C01894,72,4,68233.87,2,2,3,7,Potential Loyalists
C01895,15,15,111661.45999999999,4,4,3,11,Champions
C01896,7,9,296901.53,4,4,4,12,Champions
C01897,236,1,172.02,1,1,1,3,Lost / Inactive
C01898,110,3,24149.2,2,2,2,6,Potential Loyalists
C01899,10,52,509471.06,4,4,4,12,Champions
C01901,163,4,15193.029999999999,2,2,2,6,Potential Loyalists
C01902,8,11,119231.44,4,4,3,11,Champions
C01903,5,5,10257.98,4,3,1,8,Loyal Customers
C01904,237,2,5224.44,1,1,1,3,Lost / Inactive
C01905,381,1,4660.28,1,1,1,3,Lost / Inactive
C01906,7,2,13752.199999999999,4,1,2,7,Potential Loyalists
C01907,126,1,6953.36,2,1,1,4,At Risk
C01908,20,35,448046.43,4,4,4,12,Champions
C01909,35,7,49465.14,3,3,3,9,Loyal Customers
C01910,49,10,27098.66,3,4,2,9,Loyal Customers
C01911,285,1,6990.42,1,1,1,3,Lost / Inactive
C01912,185,1,4897.89,1,1,1,3,Lost / Inactive
C01914,314,1,2098.56,1,1,1,3,Lost / Inactive
C01915,233,3,30939.92,1,2,2,5,At Risk
C01917,41,2,33598.28,3,1,2,6,Potential Loyalists
C01918,147,3,95276.15,2,2,3,7,Potential Loyalists
C01919,16,51,790020.57,4,4,4,12,Champions
C01920,54,3,19175.1,3,2,2,7,Potential Loyalists
C01921,257,2,783.0899999999999,1,1,1,3,Lost / Inactive
C01922,273,1,484.78,1,1,1,3,Lost / Inactive
C01923,28,3,27075.649999999998,3,2,2,7,Potential Loyalists
C01924,305,1,1412.1,1,1,1,3,Lost / Inactive
C01925,210,3,8098.449999999999,1,2,1,4,At Risk
C01926,136,2,2645.47,2,1,1,4,At Risk
C01928,64,12,88929.67,3,4,3,10,Champions
C01929,112,2,39508.77,2,1,3,6,Potential Loyalists
C01932,47,2,4547.4,3,1,1,5,At Risk
C01933,106,5,69647.83,2,3,3,8,Loyal Customers
C01934,21,4,4920.36,4,2,1,7,Potential Loyalists
C01935,49,3,19450.440000000002,3,2,2,7,Potential Loyalists
C01937,194,2,153463.28,1,1,4,6,Potential Loyalists
C01939,3,16,155615.98,4,4,4,12,Champions
C01940,7,3,254174.12000000002,4,2,4,10,Champions
C01941,2,6,43656.340000000004,4,3,3,10,Champions
C01942,29,30,246998.73,3,4,4,11,Champions
C01943,47,8,52465.899999999994,3,3,3,9,Loyal Customers
C01944,92,3,121478.97,2,2,3,7,Potential Loyalists
C01945,147,10,119012.63,2,4,3,9,Loyal Customers
C01946,179,2,8970.84,1,1,1,3,Lost / Inactive
C01947,56,5,49404.06,3,3,3,9,Loyal Customers
C01949,236,3,46871.350000000006,1,2,3,6,Potential Loyalists
C01950,81,3,7355.27,2,2,1,5,At Risk
C01951,148,2,10601.94,2,1,1,4,At Risk
C01952,59,8,56907.97,3,3,3,9,Loyal Customers
C01953,103,1,1042.75,2,1,1,4,At Risk
C01954,52,4,11424.82,3,2,2,7,Potential Loyalists
C01955,15,11,25505.44,4,4,2,10,Champions
C01956,23,21,147094.75,3,4,4,11,Champions
C01957,41,3,15265.59,3,2,2,7,Potential Loyalists
C01958,21,3,19035.03,4,2,2,8,Loyal Customers
C01959,317,1,2354.8,1,1,1,3,Lost / Inactive
C01960,175,5,29963.25,1,3,2,6,Potential Loyalists
C01961,140,3,13794.46,2,2,2,6,Potential Loyalists
C01962,58,3,161890.19,3,2,4,9,Loyal Customers
C01963,43,8,97868.58,3,3,3,9,Loyal Customers
C01964,20,2,6449.59,4,1,1,6,Potential Loyalists
C01965,339,2,2203.65,1,1,1,3,Lost / Inactive
C01966,35,7,81243.27,3,3,3,9,Loyal Customers
C01967,145,1,37867.51,2,1,3,6,Potential Loyalists
C01969,133,1,488.6,2,1,1,4,At Risk
C01970,45,5,60647.65000000001,3,3,3,9,Loyal Customers
C01971,96,6,138052.51,2,3,3,8,Loyal Customers
C01972,214,1,2065.66,1,1,1,3,Lost / Inactive
C01973,74,1,221608.25,2,1,4,7,Potential Loyalists
C01974,4,9,288247.28,4,4,4,12,Champions
C01975,105,6,175226.93000000002,2,3,4,9,Loyal Customers
C01976,188,3,33969.26,1,2,2,5,At Risk
C01977,18,7,42024.549999999996,4,3,3,10,Champions
C01978,1,4,146066.19000000003,4,2,4,10,Champions
C01979,35,5,84427.41,3,3,3,9,Loyal Customers
C01980,74,3,33222.560000000005,2,2,2,6,Potential Loyalists
C01981,226,3,227116.55,1,2,4,7,Potential Loyalists
C01982,28,3,30094.77,3,2,2,7,Potential Loyalists
C01983,12,3,5168.58,4,2,1,7,Potential Loyalists
C01984,157,1,52982.82,2,1,3,6,Potential Loyalists
C01985,285,1,4607.6,1,1,1,3,Lost / Inactive
C01986,53,15,172239.13,3,4,4,11,Champions
C01987,16,7,51062.29,4,3,3,10,Champions
C01988,26,7,166043.15000000002,3,3,4,10,Champions
C01989,10,8,78408.73999999999,4,3,3,10,Champions
C01990,164,1,60452.95,2,1,3,6,Potential Loyalists
C01991,18,7,33737.37,4,3,2,9,Loyal Customers
C01992,73,4,370734.5,2,2,4,8,Loyal Customers
C01993,210,4,128820.18,1,2,3,6,Potential Loyalists
C01996,344,1,4131.32,1,1,1,3,Lost / Inactive
C01997,2,4,12807.800000000001,4,2,2,8,Loyal Customers
C01999,50,13,484670.18,3,4,4,11,Champions
C02000,124,2,33018.58,2,1,2,5,At Risk
